id,duration,timestamp
8482,15.012309180106968,2022-10-04 22:30:59.388396
8483,13.19789044978097,2022-10-04 23:01:30.456743
8484,13.430675406008959,2022-10-04 23:30:48.447266
8485,13.07147657009773,2022-10-05 00:01:21.434779
8486,13.35011179400135,2022-10-05 00:30:34.993848
8487,13.414729423006065,2022-10-05 01:02:01.349829
8488,13.324830595003732,2022-10-05 01:31:00.92793
8489,13.482869078987278,2022-10-05 02:02:03.014205
8490,13.735255517996848,2022-10-05 02:31:05.195004
8491,13.360661029117182,2022-10-05 05:01:16.578832
8492,13.14691687800223,2022-10-05 05:30:41.773167
8493,13.487707720021717,2022-10-05 06:02:05.087567
8494,13.334352449979633,2022-10-05 06:30:57.572787
8495,13.488711445010267,2022-10-05 07:01:17.55873
8496,13.324041756000952,2022-10-05 07:30:37.089447
8497,13.168725192001148,2022-10-05 08:01:25.331396
8498,13.347041182918474,2022-10-05 08:30:37.160269
8499,13.569163164007477,2022-10-05 09:02:53.364879
8500,13.405349156004377,2022-10-05 09:31:05.314482
8501,13.599590820027515,2022-10-05 10:02:22.918209
8502,15.343694673967548,2022-10-05 10:30:46.807021
8503,13.382313554990105,2022-10-05 11:01:47.823409
8504,13.443128098966554,2022-10-05 11:30:41.359839
8505,13.582158732926473,2022-10-05 12:01:35.560825
8506,13.384588935994543,2022-10-05 12:30:51.241634
8507,13.14869459302281,2022-10-05 13:02:15.885086
8508,13.39089569519274,2022-10-05 13:30:38.498151
8509,13.303419450996444,2022-10-05 14:01:07.903156
8510,13.252821168862283,2022-10-05 14:30:45.53866
8511,13.86247029202059,2022-10-05 15:02:23.138706
8512,13.19224176404532,2022-10-05 15:30:36.898089
8513,13.216087687993422,2022-10-05 16:02:16.97828
8514,13.261128834914416,2022-10-05 16:30:54.976839
8515,13.496719084971119,2022-10-05 17:01:24.482429
8516,13.273445708997315,2022-10-05 17:31:04.419597
8517,13.392212336999364,2022-10-05 18:01:39.229682
8518,13.389050381985726,2022-10-05 18:30:43.435805
8519,13.132493127021007,2022-10-05 19:02:09.044134
8520,13.568344320985489,2022-10-05 19:30:47.639516
8521,13.201544990064576,2022-10-05 20:01:22.816925
8522,13.623336730990559,2022-10-05 20:30:52.346099
8523,13.426054156036116,2022-10-05 21:01:52.078835
8524,13.201857123989612,2022-10-05 21:31:03.778368
8525,13.472727112006396,2022-10-05 22:01:40.197107
8526,13.185985824995441,2022-10-05 22:30:44.985621
8527,13.352600252022967,2022-10-05 23:01:44.252063
8528,13.359166179900058,2022-10-05 23:30:57.627972
8529,13.090912287007086,2022-10-06 00:01:31.134036
8530,13.294165106024593,2022-10-06 00:30:37.819112
8531,13.336102977045812,2022-10-06 01:02:12.05605
8532,13.63841958111152,2022-10-06 01:30:40.728298
8533,13.663992155110464,2022-10-06 02:02:11.783825
8534,13.26537646597717,2022-10-06 02:30:45.425214
8535,13.371447271900252,2022-10-06 05:01:25.365688
8536,13.403245323977899,2022-10-06 05:31:02.484547
8537,13.35422658000607,2022-10-06 06:01:34.381864
8538,13.264980606967583,2022-10-06 06:30:55.552345
8539,13.455492449982557,2022-10-06 07:01:40.872019
8540,13.058050043997355,2022-10-06 07:30:54.330339
8541,13.346948199963663,2022-10-06 08:01:54.135074
8542,13.185201942978892,2022-10-06 08:30:39.752529
8543,13.423864979995415,2022-10-06 09:03:01.647373
8544,13.39481721399352,2022-10-06 09:31:31.361094
8545,13.192130740033463,2022-10-06 10:01:55.810215
8546,13.300803641788661,2022-10-06 10:31:02.389357
8547,13.140604708984029,2022-10-06 11:02:05.15267
8548,13.350145922973752,2022-10-06 11:30:34.616045
8549,13.355117755010724,2022-10-06 12:01:55.441528
8550,13.244145630043931,2022-10-06 12:30:56.793306
8551,13.502401995006949,2022-10-06 13:01:42.588201
8552,13.43590054498054,2022-10-06 13:31:18.779755
8553,13.401365453959443,2022-10-06 14:01:10.179372
8554,13.267844181000328,2022-10-06 14:31:18.377752
8555,13.362777952017495,2022-10-06 15:01:44.838371
8556,13.214889075024985,2022-10-06 15:31:02.463316
8557,13.485826032992918,2022-10-06 16:01:30.700333
8558,13.265279789979104,2022-10-06 16:30:45.68402
8559,13.354728661011904,2022-10-06 17:01:55.437521
8560,13.312208308954723,2022-10-06 18:01:12.11217
8561,13.411603557004128,2022-10-06 18:31:02.538268
8562,13.39436650899006,2022-10-06 19:01:44.896883
8563,13.296575885964558,2022-10-06 19:30:37.085282
8564,13.433949811034836,2022-10-06 20:01:47.884728
8565,13.381141312012915,2022-10-06 20:30:58.412252
8566,13.137188578024507,2022-10-06 21:01:52.355599
8567,13.896667913068086,2022-10-06 21:31:13.981735
8568,13.173412859992823,2022-10-06 22:00:47.121413
8569,13.444506086991169,2022-10-06 22:30:54.975168
8570,13.251484799000536,2022-10-06 23:01:59.744041
8571,13.067869824008085,2022-10-06 23:30:50.156147
8572,13.290599887026474,2022-10-07 00:01:20.302109
8573,13.657359256059863,2022-10-07 00:30:52.630587
8574,13.540318523999304,2022-10-07 01:01:47.365691
8575,13.250409418949857,2022-10-07 01:30:50.586927
8576,13.622768308967352,2022-10-07 02:02:07.629962
8577,13.543203844979871,2022-10-07 02:31:07.937298
8578,13.345588051946834,2022-10-07 05:01:34.625173
8579,13.342431745957583,2022-10-07 05:30:55.107083
8580,13.400189951003995,2022-10-07 06:01:40.429958
8581,13.4057347199996,2022-10-07 06:31:04.738282
8582,13.567827740916982,2022-10-07 07:02:07.424223
8583,13.463454867945984,2022-10-07 07:30:53.569267
8584,13.238177133025602,2022-10-07 08:01:46.109766
8585,13.387676247977652,2022-10-07 08:30:43.696997
8586,13.233752536820248,2022-10-07 09:12:59.507328
8587,13.262802461002138,2022-10-07 09:31:04.818414
8588,13.205000025976915,2022-10-07 10:01:32.812234
8589,13.245018081972376,2022-10-07 10:30:38.482216
8590,13.256109585054219,2022-10-07 11:01:48.856659
8591,13.502263800939545,2022-10-07 11:30:53.309047
8592,13.22156354598701,2022-10-07 12:01:52.200612
8593,13.299258867977187,2022-10-07 12:31:05.969202
8594,13.346897919022013,2022-10-07 13:01:12.143615
8595,13.873978814051952,2022-10-07 13:30:37.980067
8596,13.267290123039857,2022-10-07 14:02:06.299515
8597,13.274975314969197,2022-10-07 14:30:41.873406
8598,13.424124172073789,2022-10-07 15:01:09.935026
8599,13.675804216996767,2022-10-07 15:30:41.192417
8600,13.534774298081174,2022-10-07 16:30:56.900804
8601,13.923401703999843,2022-10-07 17:02:31.234266
8602,13.58751438301988,2022-10-07 17:31:04.338274
8603,13.743429769063368,2022-10-07 18:02:11.57615
8604,13.739465315942653,2022-10-07 18:30:39.18386
8605,13.667944109998643,2022-10-07 19:01:45.969827
8606,13.445641517988406,2022-10-07 19:30:35.364151
8607,13.549735593958758,2022-10-07 20:02:05.169068
8608,13.803694334987085,2022-10-07 20:30:56.085174
8609,13.546026022988372,2022-10-07 21:01:58.963573
8610,13.566529545001686,2022-10-07 21:31:02.298934
8611,13.578823615971487,2022-10-07 22:01:20.170855
8612,13.56162557285279,2022-10-07 22:30:53.95166
8613,13.447188435937278,2022-10-07 23:02:10.808116
8614,13.518343111034483,2022-10-07 23:30:51.35796
8615,13.732218909019139,2022-10-08 00:01:46.566712
8616,13.634237844031304,2022-10-08 00:30:57.197211
8617,13.460326496977359,2022-10-08 01:01:59.38749
8618,13.447367904009297,2022-10-08 01:31:01.989032
8619,13.404986920999363,2022-10-08 02:02:08.135026
8620,13.45633493596688,2022-10-08 02:30:38.535168
8621,13.580492654116824,2022-10-08 05:02:05.472118
8622,13.498913367977366,2022-10-08 05:30:36.149471
8623,13.368959217972588,2022-10-08 06:01:12.163526
8624,13.375243767164648,2022-10-08 06:30:45.777545
8625,13.80396189307794,2022-10-08 07:01:23.060188
8626,13.324876748025417,2022-10-08 07:30:41.876902
8627,13.693645409017336,2022-10-08 08:01:49.99424
8628,13.355250092921779,2022-10-08 08:30:59.78679
8629,13.554120711050928,2022-10-08 09:01:45.928742
8630,13.415266326977871,2022-10-08 09:30:58.460126
8631,13.67426316899946,2022-10-08 10:01:54.928933
8632,13.54978419886902,2022-10-08 10:31:06.167408
8633,13.727565675973892,2022-10-08 11:01:37.343931
8634,13.51671382796485,2022-10-08 11:30:56.650525
8635,13.530798661988229,2022-10-08 12:02:38.531778
8636,13.567841526120901,2022-10-08 12:31:05.855043
8637,13.356150066945702,2022-10-08 13:02:26.838454
8638,13.530549239949323,2022-10-08 13:30:44.936452
8639,13.315161910955794,2022-10-08 14:01:22.859344
8640,13.448941280017607,2022-10-08 14:30:58.077664
8641,12.99258366599679,2022-10-08 15:01:43.875776
8642,13.458700065966696,2022-10-08 15:30:54.834455
8643,13.441771683981642,2022-10-08 16:01:21.444685
8644,13.46510293893516,2022-10-08 16:30:37.933279
8645,12.971188185969368,2022-10-08 17:01:42.429833
8646,13.619032102869824,2022-10-08 17:30:46.892666
8647,13.46783359895926,2022-10-08 18:01:57.865117
8648,13.613101758004632,2022-10-08 18:30:43.07941
8649,13.541818933095783,2022-10-08 19:01:30.732276
8650,13.440645969938487,2022-10-08 19:30:59.417808
8651,13.57918395102024,2022-10-08 20:01:13.110241
8652,13.65928823594004,2022-10-08 20:30:42.979124
8653,13.512230230960995,2022-10-08 21:01:42.387017
8654,13.681516661017668,2022-10-08 21:30:59.954954
8655,13.35175380599685,2022-10-08 22:01:20.1349
8656,13.485543424030766,2022-10-08 22:30:43.149873
8657,13.543388407008024,2022-10-08 23:01:48.684677
8658,13.434638126986101,2022-10-08 23:30:37.399157
8659,13.445120093878359,2022-10-09 00:02:00.956614
8660,13.547379315947182,2022-10-09 00:30:55.548873
8661,13.387945000082254,2022-10-09 01:01:31.407681
8662,13.646559465909377,2022-10-09 01:31:01.325124
8663,13.648708188000455,2022-10-09 02:01:12.41637
8664,13.633945373003371,2022-10-09 02:30:50.886149
8665,13.964392661000602,2022-10-09 05:01:58.226511
8666,13.725316100986674,2022-10-09 05:31:10.348965
8667,13.885858334018849,2022-10-09 06:01:48.579684
8668,13.388053939968813,2022-10-09 06:30:54.370579
8669,13.470311098964885,2022-10-09 07:01:44.572319
8670,13.456772661069408,2022-10-09 07:30:47.604397
8671,13.62862876500003,2022-10-09 08:01:10.405112
8672,13.598987946053967,2022-10-09 08:30:33.835301
8673,13.61283578001894,2022-10-09 09:03:07.469213
8674,13.427926350996131,2022-10-09 09:30:36.518182
8675,13.400669192895293,2022-10-09 10:02:33.406358
8676,13.56873192708008,2022-10-09 10:30:41.268763
8677,13.432398954988457,2022-10-09 11:01:21.743993
8678,13.528434195090085,2022-10-09 11:31:28.136626
8679,13.502878350904211,2022-10-09 12:02:14.542365
8680,13.510103996959515,2022-10-09 12:30:35.336592
8681,13.495084002963267,2022-10-09 13:01:30.734513
8682,13.55837901099585,2022-10-09 13:30:55.820229
8683,13.656369086937048,2022-10-09 14:01:34.528766
8684,13.921587631000875,2022-10-09 14:30:34.618979
8685,13.593939170008525,2022-10-09 15:01:12.691413
8686,13.585773005033843,2022-10-09 15:31:19.289408
8687,13.627050710143521,2022-10-09 16:01:54.771912
8688,13.305377214914188,2022-10-09 16:31:00.499055
8689,13.465292911976576,2022-10-09 17:02:24.349757
8690,13.531060567009263,2022-10-09 17:31:03.983191
8691,13.549442520947196,2022-10-09 18:01:47.913595
8692,13.633040133165196,2022-10-09 18:30:55.04088
8693,13.548176246999901,2022-10-09 19:01:28.233233
8694,13.3639877140522,2022-10-09 19:30:48.145008
8695,13.487319181207567,2022-10-09 20:01:51.523878
8696,13.407509319949895,2022-10-09 20:30:45.773505
8697,13.635441017104313,2022-10-09 21:01:14.156904
8698,13.521178760100156,2022-10-09 21:31:02.651071
8699,13.3871040949889,2022-10-09 22:01:32.780146
8700,13.242451137979515,2022-10-09 22:31:00.477092
8701,13.301989942905493,2022-10-09 23:01:01.211909
8702,13.602379902033135,2022-10-09 23:30:32.240934
8703,13.67344756796956,2022-10-10 00:02:04.841025
8704,13.390115031012101,2022-10-10 00:31:01.325651
8705,13.509672818006948,2022-10-10 01:00:47.005258
8706,13.550855656969361,2022-10-10 01:30:45.685642
8707,13.496964239049703,2022-10-10 02:00:42.747326
8708,13.457256823894568,2022-10-10 02:30:45.044988
8709,13.521276089013554,2022-10-10 05:01:58.425472
8710,13.47572287498042,2022-10-10 05:30:31.350785
8711,13.726031993050128,2022-10-10 06:01:03.868969
8712,13.474705782020465,2022-10-10 06:30:39.380838
8713,13.537306756999897,2022-10-10 07:00:52.435692
8714,13.558078171976376,2022-10-10 07:30:59.54969
8715,13.985187172016595,2022-10-10 08:01:51.645488
8716,13.45892951101996,2022-10-10 08:30:58.246158
8717,13.402945322915912,2022-10-10 09:09:53.65209
8718,13.593106581130996,2022-10-10 09:31:00.802604
8719,13.328611056000227,2022-10-10 10:01:24.817872
8720,13.482033386011608,2022-10-10 10:31:23.083227
8721,13.429787897970527,2022-10-10 11:01:24.319775
8722,13.43691446899902,2022-10-10 11:30:35.399952
8723,13.63493102893699,2022-10-10 12:02:13.326176
8724,13.436389376001898,2022-10-10 12:30:55.832127
8725,13.570395755989011,2022-10-10 13:02:02.541319
8726,13.452622640994377,2022-10-10 13:30:51.218793
8727,13.529926138930023,2022-10-10 14:01:11.314754
8728,13.526118510053493,2022-10-10 14:31:01.997097
8729,13.658546933031175,2022-10-10 15:02:11.104877
8730,13.468280472996412,2022-10-10 15:30:46.287714
8731,13.358855772996321,2022-10-10 16:30:38.53913
8732,13.56305091502145,2022-10-10 17:01:48.170967
8733,13.664431275043171,2022-10-10 17:30:55.226167
8734,13.43043993995525,2022-10-10 18:02:27.863633
8735,13.566807833965868,2022-10-10 18:30:52.016091
8736,13.434587544004899,2022-10-10 19:01:47.974538
8737,13.593868310097605,2022-10-10 19:31:04.176603
8738,13.48348528391216,2022-10-10 20:01:10.787505
8739,13.479893845040351,2022-10-10 20:31:02.855194
8740,13.431873713969253,2022-10-10 21:01:45.174183
8741,13.527150269947015,2022-10-10 21:30:45.751005
8742,13.559557519998634,2022-10-10 22:00:49.426803
8743,13.489295861916617,2022-10-10 22:31:02.42098
8744,13.480520737008192,2022-10-10 23:01:54.128666
8745,13.504319673054852,2022-10-10 23:31:04.849872
8746,16.10407986000064,2022-10-11 00:02:12.257103
8747,13.64478108403273,2022-10-11 00:30:48.172222
8748,13.460987500962801,2022-10-11 01:01:58.934469
8749,13.6036101130303,2022-10-11 01:31:00.465524
8750,13.578547603014158,2022-10-11 02:01:29.095149
8751,13.776961087016389,2022-10-11 02:30:58.782707
8752,13.431594252004288,2022-10-11 05:01:34.53493
8753,13.472824759082869,2022-10-11 05:30:37.517162
8754,13.699693264003145,2022-10-11 06:01:21.745164
8755,13.319989580078982,2022-10-11 06:30:42.697501
8756,13.696159844985232,2022-10-11 07:01:58.859693
8757,13.517197309061885,2022-10-11 07:30:58.756091
8758,13.459270874969661,2022-10-11 08:01:08.142489
8759,13.4783610641025,2022-10-11 08:31:03.194372
8760,13.601806825958192,2022-10-11 09:02:25.123151
8761,13.543898662028369,2022-10-11 09:31:19.150654
8762,13.545013539027423,2022-10-11 10:02:10.320602
8763,13.546903269016184,2022-10-11 10:30:40.513183
8764,13.638090622989694,2022-10-11 11:01:03.403884
8765,13.387612920021638,2022-10-11 11:31:03.211368
8766,13.53471635398455,2022-10-11 12:01:48.394161
8767,13.237810558999627,2022-10-11 12:31:03.030882
8768,13.401480317988899,2022-10-11 13:01:57.338769
8769,13.379217753885314,2022-10-11 13:30:53.644993
8770,13.496123388991691,2022-10-11 14:01:54.677732
8771,13.487340324092656,2022-10-11 14:30:54.155198
8772,13.517674755014013,2022-10-11 15:01:40.576436
8773,13.528778791980585,2022-10-11 15:30:40.264624
8774,13.404748968081549,2022-10-11 16:02:05.45095
8775,13.546722266008146,2022-10-11 16:31:03.264202
8776,13.38935977302026,2022-10-11 17:01:48.011016
8777,13.530507032992318,2022-10-11 17:30:33.28034
8778,13.428844361042138,2022-10-11 18:01:56.724417
8779,13.520334408036433,2022-10-11 18:30:54.349123
8780,13.386060581891797,2022-10-11 19:01:44.30358
8781,13.513785036979243,2022-10-11 19:31:02.100279
8782,13.65841835399624,2022-10-11 20:01:09.97527
8783,13.581972475978546,2022-10-11 20:30:45.57021
8784,13.598908268962987,2022-10-11 21:01:50.737489
8785,13.448259349912405,2022-10-11 21:30:51.07398
8786,13.423701100051403,2022-10-11 22:01:58.709811
8787,13.557619519997388,2022-10-11 22:30:39.031117
8788,13.656407641945407,2022-10-11 23:02:05.898856
8789,13.361066912009846,2022-10-11 23:31:03.585331
8790,13.466493198880926,2022-10-12 00:02:00.175572
8791,13.513726891949773,2022-10-12 00:31:02.790687
8792,13.610633227042854,2022-10-12 01:01:46.515294
8793,13.463727086986182,2022-10-12 01:30:42.225649
8794,13.444753886986291,2022-10-12 02:01:12.340617
8795,13.704685876029544,2022-10-12 02:30:45.614241
8796,13.505473245983012,2022-10-12 05:01:42.951889
8797,13.53661619400009,2022-10-12 05:30:41.385552
8798,13.508125647999805,2022-10-12 06:01:02.306072
8799,13.575696446932852,2022-10-12 06:30:35.141904
8800,13.490432573016733,2022-10-12 07:01:23.781123
8801,13.523562239017338,2022-10-12 07:30:48.540382
8802,13.442159104859456,2022-10-12 08:01:36.776272
8803,13.615357361966744,2022-10-12 08:30:50.770074
8804,13.45931420091074,2022-10-12 09:02:15.709502
8805,13.409885422908701,2022-10-12 09:31:11.31027
8806,13.51285632699728,2022-10-12 10:01:17.262682
8807,13.251213809940964,2022-10-12 10:30:49.211369
8808,13.417990145971999,2022-10-12 11:01:56.332608
8809,13.466706627048552,2022-10-12 11:30:40.11279
8810,13.461190071888268,2022-10-12 12:02:01.496384
8811,13.495823677163571,2022-10-12 12:30:36.058569
8812,13.330075153964572,2022-10-12 13:01:39.218018
8813,13.322358331992291,2022-10-12 13:31:01.789279
8814,13.455662086955272,2022-10-12 14:01:47.419986
8815,13.523502954980358,2022-10-12 14:30:59.461599
8816,13.722088240087032,2022-10-12 15:02:10.251749
8817,13.438230587984435,2022-10-12 15:30:42.203872
8818,13.628581654978916,2022-10-12 16:02:16.585374
8819,13.486821902974043,2022-10-12 16:30:48.912839
8820,13.49481195898261,2022-10-12 17:02:19.899285
8821,13.448297029943205,2022-10-12 17:31:02.902557
8822,13.420493240933865,2022-10-12 18:02:02.24631
8823,13.580850316910073,2022-10-12 18:31:01.61306
8824,13.456663882010616,2022-10-12 19:01:44.378694
8825,13.447676324984059,2022-10-12 19:30:50.132499
8826,13.588152194017312,2022-10-12 20:02:03.592847
8827,13.536114237969741,2022-10-12 20:30:45.244391
8828,13.677497183904052,2022-10-12 21:02:07.98617
8829,13.562081784941256,2022-10-12 21:30:37.85022
8830,13.552304596873,2022-10-12 22:01:16.105511
8831,13.527868744917214,2022-10-12 22:30:45.608246
8832,13.552963157882914,2022-10-12 23:01:36.439327
8833,13.596844763029367,2022-10-12 23:30:43.680193
8834,13.379592100973241,2022-10-13 00:01:28.161213
8835,13.557805135147646,2022-10-13 00:30:55.047588
8836,13.709087333991192,2022-10-13 01:02:09.301037
8837,13.55229004402645,2022-10-13 01:30:55.132838
8838,13.576987613982055,2022-10-13 02:02:08.129868
8839,13.459636852843687,2022-10-13 02:30:56.126205
8840,13.84007857798133,2022-10-13 05:01:19.84546
8841,13.592474940000102,2022-10-13 05:30:48.418158
8842,13.501217177137733,2022-10-13 06:01:17.264691
8843,13.717319853021763,2022-10-13 06:30:58.177324
8844,13.389315909938887,2022-10-13 07:02:04.704236
8845,13.449188390979543,2022-10-13 07:30:54.981714
8846,13.54366579100315,2022-10-13 08:01:05.383097
8847,13.501234622031916,2022-10-13 08:30:48.85916
8848,13.649035585000092,2022-10-13 09:03:06.084764
8849,13.535271409898996,2022-10-13 09:30:56.767036
8850,13.552773035131395,2022-10-13 10:02:24.264568
8851,13.208019985002466,2022-10-13 10:30:48.229051
8852,13.521244295989163,2022-10-13 11:02:11.255377
8853,13.41884591197595,2022-10-13 11:30:55.165728
8854,13.523622934008017,2022-10-13 12:01:28.180954
8855,13.5956016080454,2022-10-13 12:30:57.831137
8856,13.439469484997971,2022-10-13 13:01:20.281011
8857,13.466936236000038,2022-10-13 13:30:43.902712
8858,13.54187699907925,2022-10-13 14:01:23.802239
8859,13.448243949998869,2022-10-13 14:30:52.822967
8860,13.6564035739284,2022-10-13 15:01:48.07367
8861,13.637777664931491,2022-10-13 15:30:41.577862
8862,13.598993389983661,2022-10-13 16:02:38.820733
8863,13.571357102948241,2022-10-13 16:30:50.9322
8864,13.426920634927228,2022-10-13 17:01:31.308637
8865,13.420697731002292,2022-10-13 17:31:00.137812
8866,13.451084638945758,2022-10-13 18:01:35.168013
8867,13.589453232940286,2022-10-13 18:31:03.884699
8868,13.528275168966502,2022-10-13 19:02:10.252065
8869,13.546749391127378,2022-10-13 19:30:50.728614
8870,13.585444493975956,2022-10-13 20:00:59.85219
8871,13.719380855909549,2022-10-13 20:31:00.454437
8872,13.777280820999295,2022-10-13 21:02:16.196096
8873,13.697596185025759,2022-10-13 21:31:00.297575
8874,13.439832275005756,2022-10-13 22:00:53.421929
8875,13.514406239031814,2022-10-13 22:30:56.598921
8876,19.292988072964363,2022-10-13 23:01:36.411355
8877,13.752829163975548,2022-10-13 23:30:35.702978
8878,13.56843061093241,2022-10-14 00:01:41.878022
8879,13.513352317968383,2022-10-14 00:30:35.930444
8880,13.458210096985567,2022-10-14 01:01:17.103529
8881,13.447601238996867,2022-10-14 01:30:33.360942
8882,13.614381595980376,2022-10-14 02:02:10.546838
8883,13.671210333006456,2022-10-14 02:30:46.701222
8884,13.311075211968273,2022-10-14 05:01:24.453318
8885,13.548168673878536,2022-10-14 05:31:01.475852
8886,13.570066898944788,2022-10-14 06:01:56.250347
8887,13.712278041057289,2022-10-14 06:31:02.8017
8888,13.709022776922211,2022-10-14 07:02:11.386497
8889,13.355459998128936,2022-10-14 07:30:43.128129
8890,13.445534462109208,2022-10-14 08:01:47.716262
8891,13.401117693982087,2022-10-14 08:30:34.021389
8892,13.436949945986271,2022-10-14 09:02:23.448175
8893,13.655279345111921,2022-10-14 09:31:00.65839
8894,13.558765494031832,2022-10-14 10:02:10.130615
8895,13.51047845883295,2022-10-14 10:30:59.94968
8896,13.493090297095478,2022-10-14 11:02:13.14374
8897,13.544855256099254,2022-10-14 11:31:09.565565
8898,13.577833194984123,2022-10-14 12:01:44.077158
8899,13.520838067983277,2022-10-14 12:31:29.489305
8900,13.317517087998567,2022-10-14 13:02:06.788676
8901,13.470389239955693,2022-10-14 13:30:46.261998
8902,13.638613228977192,2022-10-14 14:01:37.594832
8903,13.330519739014562,2022-10-14 14:30:57.090763
8904,13.346972447121516,2022-10-14 15:01:25.886526
8905,13.238437721971422,2022-10-14 15:31:00.645921
8906,13.529707037843764,2022-10-14 16:01:35.129362
8907,13.463482602033764,2022-10-14 16:31:00.462282
8908,13.529976216028444,2022-10-14 17:02:08.911169
8909,13.404036529944278,2022-10-14 17:30:39.927424
8910,13.5326831091661,2022-10-14 18:01:19.157134
8911,13.340362208895385,2022-10-14 18:30:44.84896
8912,13.557543547009118,2022-10-14 19:01:27.1783
8913,13.50166991801234,2022-10-14 19:31:03.968718
8914,13.44661452199216,2022-10-14 20:01:36.183696
8915,13.570623937994242,2022-10-14 20:30:45.181509
8916,13.552665394963697,2022-10-14 21:02:12.096422
8917,13.3805624069646,2022-10-14 21:30:33.614698
8918,13.52886215900071,2022-10-14 22:01:13.262516
8919,13.598375485977158,2022-10-14 22:31:01.950764
8920,13.799715069122612,2022-10-14 23:02:17.116756
8921,13.485971638932824,2022-10-14 23:31:02.593708
8922,13.636368282837793,2022-10-15 00:01:35.191622
8923,14.61407537292689,2022-10-15 00:31:08.235876
8924,13.426095335977152,2022-10-15 01:01:19.02368
8925,13.704558567143977,2022-10-15 01:30:46.315316
8926,13.417421938036568,2022-10-15 02:02:12.377502
8927,13.404593927960377,2022-10-15 02:30:47.650232
8928,13.693235989892855,2022-10-15 05:01:39.701156
8929,13.343876770930365,2022-10-15 05:30:54.713983
8930,13.436695866053924,2022-10-15 06:01:28.636489
8931,13.456310436013155,2022-10-15 06:30:56.993109
8932,13.514011794002727,2022-10-15 07:01:09.948329
8933,13.505194265861064,2022-10-15 07:30:59.004753
8934,13.510906339040957,2022-10-15 08:02:00.412115
8935,13.704790150048211,2022-10-15 08:30:57.534333
8936,13.50845747999847,2022-10-15 09:02:03.802284
8937,13.219680955051444,2022-10-15 09:30:38.613112
8938,13.273750038119033,2022-10-15 10:02:32.887891
8939,13.454781020991504,2022-10-15 10:31:03.651999
8940,13.607859889045358,2022-10-15 11:01:31.65815
8941,13.284173253923655,2022-10-15 11:31:06.612379
8942,13.639394567115232,2022-10-15 12:01:38.60792
8943,13.388808332005283,2022-10-15 12:30:42.935817
8944,13.673377227009041,2022-10-15 13:02:02.292731
8945,13.629812662955374,2022-10-15 13:30:37.719706
8946,13.529662129003555,2022-10-15 14:01:26.95861
8947,13.454834564123303,2022-10-15 14:31:05.841297
8948,13.890821181004867,2022-10-15 15:01:15.39065
8949,13.681233912997413,2022-10-15 15:31:03.338786
8950,13.510448712855577,2022-10-15 16:01:55.615447
8951,13.79024170502089,2022-10-15 16:31:06.095222
8952,13.535459689097479,2022-10-15 17:01:46.485473
8953,13.558875644928776,2022-10-15 17:30:40.464151
8954,13.583531097974628,2022-10-15 18:01:39.957315
8955,13.71086342795752,2022-10-15 18:31:08.31827
8956,13.519040938001126,2022-10-15 19:02:02.478126
8957,13.622152943862602,2022-10-15 19:30:37.173446
8958,13.531116815051064,2022-10-15 20:01:26.389158
8959,13.61895885807462,2022-10-15 20:30:33.27449
8960,13.472946419962682,2022-10-15 21:01:10.222518
8961,13.59297912986949,2022-10-15 21:30:53.052822
8962,13.514665834023617,2022-10-15 22:02:05.974988
8963,13.522595803020522,2022-10-15 22:30:38.865077
8964,13.490603346028365,2022-10-15 23:01:33.779808
8965,13.530036106938496,2022-10-15 23:30:55.277445
8966,13.621486645002733,2022-10-16 00:01:23.894935
8967,13.56348045499908,2022-10-16 00:30:39.296648
8968,13.555234056082554,2022-10-16 01:02:03.360234
8969,13.504252968123183,2022-10-16 01:30:44.569359
8970,13.597416521981359,2022-10-16 02:02:04.588071
8971,13.630743582965806,2022-10-16 02:30:46.988016
8972,13.574730467051268,2022-10-16 05:01:12.626371
8973,13.602120876079425,2022-10-16 05:30:42.320363
8974,13.483295610989444,2022-10-16 06:01:13.460935
8975,13.586349681019783,2022-10-16 06:30:36.112585
8976,13.549436554079875,2022-10-16 07:00:59.160306
8977,13.238311188993976,2022-10-16 07:30:47.512019
8978,13.488752205012133,2022-10-16 08:01:38.231118
8979,13.680452726985095,2022-10-16 08:30:39.255913
8980,13.445044993888587,2022-10-16 09:02:10.81662
8981,13.262150511000073,2022-10-16 09:30:57.616554
8982,13.630164989997866,2022-10-16 10:01:47.993725
8983,13.56135017494671,2022-10-16 10:30:43.956668
8984,13.714862301014364,2022-10-16 11:01:25.760427
8985,13.512821296004404,2022-10-16 11:30:46.237885
8986,13.435328414896503,2022-10-16 12:01:13.006521
8987,13.612724514998263,2022-10-16 12:30:56.693806
8988,13.456989327998599,2022-10-16 13:02:00.142871
8989,13.29255285509862,2022-10-16 13:31:02.523053
8990,13.751668519107625,2022-10-16 14:01:40.316914
8991,13.415101443883032,2022-10-16 14:31:03.915972
8992,13.395022027078085,2022-10-16 15:01:50.197865
9025,13.623754454078153,2022-10-16 15:30:40.995593
9026,13.392755042004865,2022-10-16 16:02:10.118343
9027,13.413966209045611,2022-10-16 16:30:50.189447
9028,13.62619215901941,2022-10-16 17:01:24.888311
9029,13.350497550040018,2022-10-16 17:30:33.680047
9030,13.43011455598753,2022-10-16 18:01:46.994757
9031,13.481055364012718,2022-10-16 18:31:00.986766
9032,13.466711952118203,2022-10-16 19:01:22.172282
9033,13.51367759006098,2022-10-16 19:30:54.871046
9034,13.553649567998946,2022-10-16 20:01:19.920685
9035,13.461671600001864,2022-10-16 20:30:51.963453
9036,13.386357587995008,2022-10-16 21:01:55.261704
9037,13.460442102048546,2022-10-16 21:30:54.787401
9038,13.490688844118267,2022-10-16 22:02:03.987437
9039,13.42568972799927,2022-10-16 22:31:01.93527
9040,13.371354880044237,2022-10-16 23:01:17.750667
9041,13.552307295030914,2022-10-16 23:31:01.459705
9042,13.498668533982709,2022-10-17 00:01:17.729601
9043,13.428494423002121,2022-10-17 00:30:40.445063
9044,13.605043676914647,2022-10-17 01:02:12.462244
9045,13.750384563812986,2022-10-17 01:30:52.684339
9046,13.355194976029452,2022-10-17 02:02:07.135082
9047,13.388291817998834,2022-10-17 02:30:48.702563
9048,13.667555550811812,2022-10-17 05:01:06.501116
9049,13.425098807085305,2022-10-17 05:30:59.321537
9050,13.400989627989475,2022-10-17 06:01:45.48126
9051,13.467708697979106,2022-10-17 06:30:39.374966
9052,13.672020721016452,2022-10-17 07:01:49.324826
9053,13.528284252039157,2022-10-17 07:30:58.475885
9054,13.661797373788431,2022-10-17 08:01:56.446848
9055,13.260728210036177,2022-10-17 08:30:58.176859
9056,13.5697463050019,2022-10-17 09:02:40.095487
9057,13.20541792397853,2022-10-17 09:30:35.770524
9058,13.466206226032227,2022-10-17 10:02:20.887687
9059,13.376206138869748,2022-10-17 10:31:03.685513
9060,13.42672579898499,2022-10-17 11:02:09.739798
9061,13.617917422001483,2022-10-17 11:30:46.540996
9062,13.37849297199864,2022-10-17 12:01:20.863486
9063,13.433551861991873,2022-10-17 12:30:46.815645
9064,13.452771848067641,2022-10-17 13:02:01.395478
9065,13.435680721013341,2022-10-17 13:30:53.827077
9066,13.315409244999955,2022-10-17 14:01:21.833774
9067,13.525614036014304,2022-10-17 14:30:39.495163
9068,13.500497691100463,2022-10-17 15:01:41.803964
9069,13.727529333002167,2022-10-17 15:31:03.421939
9070,13.452835507923737,2022-10-17 16:01:46.293828
9071,13.794417527969927,2022-10-17 16:30:50.42076
9072,13.676072119997116,2022-10-17 17:01:31.60692
9073,13.79743176419288,2022-10-17 17:30:54.357109
9074,13.77373941987753,2022-10-17 18:01:45.966162
9075,13.572129521984607,2022-10-17 18:30:37.693271
9076,13.706059499992989,2022-10-17 19:01:58.228168
9077,13.666913660010323,2022-10-17 19:30:52.709033
9078,13.632585183018818,2022-10-17 20:01:44.637615
9079,13.264885527998558,2022-10-17 20:30:46.384594
9080,13.320718995993957,2022-10-17 21:01:06.294601
9081,13.296400332124904,2022-10-17 21:30:43.255541
9082,13.55670617899159,2022-10-17 22:01:48.721517
9083,13.352762083988637,2022-10-17 22:30:55.648662
9084,13.88989292900078,2022-10-17 23:01:50.686865
9085,13.458796750055626,2022-10-17 23:30:49.621223
9086,13.366769716027193,2022-10-18 00:01:46.177
9087,13.471631471067667,2022-10-18 00:30:41.229232
9088,13.522556762007298,2022-10-18 01:01:43.093382
9089,13.395689749973826,2022-10-18 01:30:58.161615
9090,13.547079537063837,2022-10-18 02:01:31.303975
9091,13.555389134999132,2022-10-18 02:30:53.956358
9092,13.366941205924377,2022-10-18 05:02:06.896733
9093,13.600791719043627,2022-10-18 05:30:42.145499
9094,13.585194817977026,2022-10-18 06:01:59.094428
9095,13.60268989100041,2022-10-18 06:30:43.353486
9096,13.615172529127449,2022-10-18 07:02:02.693068
9097,13.412199139012955,2022-10-18 07:31:01.82752
9098,13.483475151995663,2022-10-18 08:01:28.31742
9099,13.48942911089398,2022-10-18 08:30:59.441899
9100,13.207770195003832,2022-10-18 09:02:41.960714
9101,13.250141688156873,2022-10-18 09:30:39.996238
9102,13.548092457000166,2022-10-18 10:02:29.063625
9103,13.502269946970046,2022-10-18 10:30:50.998145
9104,13.61662940820679,2022-10-18 11:01:37.025596
9105,13.513486778130755,2022-10-18 11:31:02.290858
9106,13.450834173010662,2022-10-18 12:01:57.069736
9107,13.301974045112729,2022-10-18 12:31:24.60237
9108,13.450454963953234,2022-10-18 13:02:25.29532
9109,13.698599734998425,2022-10-18 13:30:45.570625
9110,13.50320121506229,2022-10-18 14:01:57.054817
9111,13.453205141006038,2022-10-18 14:30:44.690485
9112,13.52868807699997,2022-10-18 15:01:39.300402
9113,13.312274542986415,2022-10-18 15:30:37.216193
9114,13.320583474822342,2022-10-18 16:01:17.059636
9115,13.444965900998795,2022-10-18 16:30:35.743709
9116,13.565363524015993,2022-10-18 17:01:08.640323
9117,13.49336194503121,2022-10-18 17:31:00.313151
9118,13.44752705800056,2022-10-18 18:01:59.486821
9119,13.561965786851943,2022-10-18 18:30:35.682298
9120,13.59414756402839,2022-10-18 19:01:39.401061
9121,13.469626393984072,2022-10-18 19:31:01.284246
9122,13.259718138026074,2022-10-18 20:01:00.296149
9123,13.289118570974097,2022-10-18 20:30:59.949
9124,13.415928303991677,2022-10-18 21:02:11.480042
9125,13.331811480922624,2022-10-18 21:31:02.357179
9126,13.516683250898495,2022-10-18 22:02:04.583099
9127,13.718900378094986,2022-10-18 22:30:48.114168
9128,13.412531967042014,2022-10-18 23:01:58.935093
9129,13.39797231205739,2022-10-18 23:30:46.659064
9130,13.519367936998606,2022-10-19 00:01:55.988259
9131,13.26077896496281,2022-10-19 00:30:39.336629
9132,13.581413632957265,2022-10-19 01:01:39.305668
9133,13.37492855801247,2022-10-19 01:30:42.108867
9134,13.462997266964521,2022-10-19 02:01:55.274599
9135,13.467568738851696,2022-10-19 02:30:33.122033
9136,13.452595714945346,2022-10-19 05:01:55.288632
9137,13.4965385471005,2022-10-19 05:30:53.584245
9138,13.708188654971309,2022-10-19 06:01:18.606357
9139,13.564159350004047,2022-10-19 06:30:42.846293
9140,13.51471004303312,2022-10-19 07:01:17.358553
9141,13.45427851799468,2022-10-19 07:30:38.336931
9142,13.509210841031745,2022-10-19 08:02:11.322651
9143,13.350382411037572,2022-10-19 08:30:37.02791
9144,13.495994593948126,2022-10-19 09:02:27.114666
9145,13.466417640913278,2022-10-19 09:30:40.629506
9146,13.473199730040506,2022-10-19 10:01:55.984078
9147,13.24991468701046,2022-10-19 10:31:03.683303
9148,14.572194278938696,2022-10-19 11:01:24.329314
9149,14.824954592011636,2022-10-19 11:30:37.51596
9150,14.375936025986448,2022-10-19 12:01:34.024968
9151,14.83945797989145,2022-10-19 12:30:41.46896
9152,14.518872351152822,2022-10-19 13:01:23.883701
9153,14.917874871985987,2022-10-19 13:30:55.568168
9154,15.040671655995538,2022-10-19 14:02:08.074082
9155,14.443755905027501,2022-10-19 14:30:35.072432
9156,14.611572008987423,2022-10-19 15:01:55.573581
9157,15.198820002988214,2022-10-19 15:30:51.694401
9158,14.430430294014513,2022-10-19 16:01:16.717282
9159,14.428517934022238,2022-10-19 16:30:53.206492
9160,15.063245186989661,2022-10-19 17:02:09.865512
9161,14.533811782021075,2022-10-19 17:31:04.959331
9162,14.585407855920494,2022-10-19 18:01:25.161986
9163,14.751939962035976,2022-10-19 18:30:42.747908
9164,14.37337009597104,2022-10-19 19:01:49.009754
9165,15.04378792596981,2022-10-19 19:30:52.963927
9166,14.561330853030086,2022-10-19 20:01:05.983547
9167,14.889093628968112,2022-10-19 20:30:59.386587
9168,14.78489216696471,2022-10-19 21:02:13.577065
9169,14.532845461042598,2022-10-19 21:30:38.609477
9170,14.459275712957606,2022-10-19 22:01:34.17604
9171,14.409853813005611,2022-10-19 22:30:58.684086
9172,14.640091679990292,2022-10-19 23:01:46.474169
9173,14.556481742998585,2022-10-19 23:30:51.212007
9174,14.436007167911157,2022-10-20 00:02:05.816077
9175,14.353276542038657,2022-10-20 00:30:39.51541
9176,14.862883285999487,2022-10-20 01:01:18.036019
9177,14.590403364039958,2022-10-20 01:30:38.02146
9178,15.09188639500644,2022-10-20 02:01:44.330631
9179,14.407449546037242,2022-10-20 02:30:36.516783
9180,15.09079448506236,2022-10-20 05:01:58.72982
9181,14.413387036998756,2022-10-20 05:30:45.289686
9182,15.395060606009793,2022-10-20 06:02:06.545293
9183,14.344121253001504,2022-10-20 06:30:36.224648
9184,14.403172805003123,2022-10-20 07:01:27.663699
9185,14.910006455000257,2022-10-20 07:30:40.786783
9186,14.395066963974386,2022-10-20 08:01:20.090237
9187,14.836758296994958,2022-10-20 08:31:01.282951
9188,14.476931185054127,2022-10-20 09:02:46.455633
9189,15.057325956877321,2022-10-20 09:31:29.652272
9190,14.603971826843917,2022-10-20 10:02:03.32537
9191,14.40436296199914,2022-10-20 10:30:44.65711
9192,14.372392203018535,2022-10-20 11:01:58.838538
9193,14.865859274985269,2022-10-20 11:30:49.263303
9194,14.544661831110716,2022-10-20 12:02:05.066272
9195,14.980654989834875,2022-10-20 12:31:11.09835
9196,14.395001765020425,2022-10-20 13:02:09.759176
9197,14.361517963989172,2022-10-20 13:30:41.273966
9198,14.399443031055853,2022-10-20 14:01:23.622766
9199,14.248477586021181,2022-10-20 14:30:46.26123
9200,15.024631532025523,2022-10-20 15:01:33.345435
9201,14.271096783922985,2022-10-20 15:30:47.746502
9202,14.802482979022898,2022-10-20 16:02:12.798131
9203,14.507817047066055,2022-10-20 16:30:52.494389
9204,14.397210783004994,2022-10-20 17:01:40.360963
9205,14.524240352911875,2022-10-20 17:31:05.95326
9206,14.533593797124922,2022-10-20 18:01:31.569268
9207,15.111003685975447,2022-10-20 18:30:58.33664
9208,14.415825014992151,2022-10-20 19:01:40.459956
9209,15.156457484001294,2022-10-20 19:31:04.824427
9210,14.454965871060267,2022-10-20 20:02:04.414294
9211,14.50248452500091,2022-10-20 20:31:01.758804
9212,14.987479930976406,2022-10-20 21:01:30.193929
9213,14.36739846598357,2022-10-20 21:30:51.977818
9214,14.634274280979298,2022-10-20 22:01:51.505965
9215,14.513086704013404,2022-10-20 22:31:00.457578
9216,14.700936891837046,2022-10-20 23:01:33.267982
9217,14.46241996900062,2022-10-20 23:30:34.159714
9218,14.55650503106881,2022-10-21 00:01:52.588071
9219,14.454195578000508,2022-10-21 00:30:39.838825
9220,14.483946674037725,2022-10-21 01:01:24.663751
9221,15.023272721096873,2022-10-21 01:30:55.458714
9222,14.582948866998777,2022-10-21 02:01:09.059293
9223,14.574381972895935,2022-10-21 02:30:39.450671
9224,15.420651556923985,2022-10-21 05:01:25.474616
9225,14.578443223843351,2022-10-21 05:31:06.415666
9226,15.598855486008688,2022-10-21 06:01:29.55483
9227,15.015046640997753,2022-10-21 06:30:45.091456
9228,15.134706522803754,2022-10-21 07:02:14.521998
9229,14.38044275494758,2022-10-21 07:31:05.672474
9230,14.477368246996775,2022-10-21 08:01:44.846074
9231,15.104822576977313,2022-10-21 08:30:51.775749
9232,14.717049396946095,2022-10-21 09:02:58.476554
9233,14.858534015947953,2022-10-21 09:31:12.294462
9234,14.527261125971563,2022-10-21 10:02:21.529633
9235,14.910402195993811,2022-10-21 10:30:57.499845
9236,15.048671773052774,2022-10-21 11:02:09.651273
9237,14.540664448984899,2022-10-21 11:31:02.878651
9238,14.621348366024904,2022-10-21 12:02:06.417623
9239,14.598284971085377,2022-10-21 12:31:03.751107
9240,14.783826696919277,2022-10-21 13:02:49.805847
9241,14.52033492794726,2022-10-21 13:30:50.624471
9242,15.14870748994872,2022-10-21 14:01:57.675663
9243,14.927667519077659,2022-10-21 14:30:45.136389
9244,15.25988176302053,2022-10-21 15:01:43.228036
9245,14.60653484298382,2022-10-21 15:31:01.51202
9246,14.709250117011834,2022-10-21 16:01:31.648862
9247,15.183675955981016,2022-10-21 16:31:12.031028
9248,14.36182514904067,2022-10-21 17:02:17.240101
9249,15.209143687039614,2022-10-21 17:31:17.536234
9250,14.6599592899438,2022-10-21 18:01:41.881013
9251,14.669565535150468,2022-10-21 18:30:53.429907
9252,14.707137060002424,2022-10-21 19:01:43.806135
9253,14.728670212905854,2022-10-21 19:31:06.429163
9254,15.23205502500059,2022-10-21 20:01:57.736849
9255,14.560971012018854,2022-10-21 20:30:51.208275
9256,14.476346216863021,2022-10-21 21:01:44.609725
9257,15.058152000012342,2022-10-21 21:31:02.776173
9258,14.51052443694789,2022-10-21 22:02:13.521211
9259,14.590438496088609,2022-10-21 22:30:58.272292
9260,14.750290560070425,2022-10-21 23:02:03.31514
9261,14.488490446005017,2022-10-21 23:30:50.301182
9262,14.97269146097824,2022-10-22 00:01:41.285985
9263,14.580515916983131,2022-10-22 00:31:11.762635
9264,15.046903465998184,2022-10-22 01:02:13.962405
9265,14.707162747858092,2022-10-22 01:31:09.377192
9266,14.471556300064549,2022-10-22 02:01:22.248163
9267,14.989998108940199,2022-10-22 02:31:06.726429
9268,15.027732445974834,2022-10-22 05:02:10.552418
9269,14.958274018994416,2022-10-22 05:30:55.23132
9270,14.51360990095418,2022-10-22 06:01:36.732379
9271,15.213607616024092,2022-10-22 06:30:42.687885
9272,14.79636884300271,2022-10-22 07:02:10.483803
9273,15.53191885293927,2022-10-22 07:31:02.510127
9274,14.504579938016832,2022-10-22 08:01:39.508712
9275,15.167040320113301,2022-10-22 08:31:04.506868
9276,14.708083785022609,2022-10-22 09:02:45.795987
9277,14.566848704009317,2022-10-22 09:31:02.619674
9278,14.779583079973236,2022-10-22 10:02:10.513398
9279,14.941899323952384,2022-10-22 10:31:02.106927
9280,15.294897922023665,2022-10-22 11:02:00.972084
9281,14.627499395981431,2022-10-22 11:30:52.268518
9282,14.663440558011644,2022-10-22 12:01:22.636313
9283,14.967158889980055,2022-10-22 12:30:46.583011
9284,14.757676856941544,2022-10-22 13:01:31.512536
9285,15.132833444979042,2022-10-22 13:30:58.787211
9286,14.785023996024393,2022-10-22 14:02:44.248597
9287,14.385228752042167,2022-10-22 14:30:52.518942
9288,14.733142941026017,2022-10-22 15:02:05.079874
9289,15.109143763082102,2022-10-22 15:31:02.838979
9290,15.275322479079477,2022-10-22 16:02:23.727366
9291,14.859841898985906,2022-10-22 16:30:51.366976
9292,14.512889039004222,2022-10-22 17:01:32.09729
9293,15.841288465075195,2022-10-22 17:31:16.87225
9294,14.928956694086082,2022-10-22 18:02:15.322446
9295,14.495691924996208,2022-10-22 18:31:02.039099
9296,14.478572268999415,2022-10-22 19:02:00.534609
9297,14.917386851040646,2022-10-22 19:31:14.093547
9298,15.197096358053386,2022-10-22 20:01:32.92084
9299,14.40003622599761,2022-10-22 20:31:08.617856
9300,14.633760123047978,2022-10-22 21:01:22.814748
9301,14.962495868909173,2022-10-22 21:31:05.2201
9302,14.64777018292807,2022-10-22 22:01:49.071746
9303,14.653601187979802,2022-10-22 22:30:41.534852
9304,14.71490235091187,2022-10-22 23:01:58.584808
9305,14.625082137994468,2022-10-22 23:31:03.562912
9306,14.92005086899735,2022-10-23 00:01:47.978311
9307,14.918500248997589,2022-10-23 00:31:01.146536
9308,14.590819046017714,2022-10-23 01:01:37.88234
9309,14.72073267120868,2022-10-23 01:30:53.348375
9310,15.183265620958991,2022-10-23 02:01:53.767235
9311,14.490165777970105,2022-10-23 02:30:54.682506
9312,15.368634246988222,2022-10-23 05:02:12.340946
9313,14.703905449947342,2022-10-23 05:31:09.351335
9314,15.206598899094388,2022-10-23 06:01:29.885656
9315,15.377627134992508,2022-10-23 06:30:53.930226
9316,14.621071177069098,2022-10-23 07:00:51.575749
9317,15.465641682967544,2022-10-23 07:31:00.183467
9318,14.673767213942483,2022-10-23 08:01:53.197502
9319,15.1185019480763,2022-10-23 08:31:16.991674
9320,14.402898995089345,2022-10-23 09:02:05.711508
9321,15.232373253093101,2022-10-23 09:31:17.512121
9322,14.820562165994488,2022-10-23 10:02:36.754072
9323,14.628622260992415,2022-10-23 10:31:01.978726
9324,14.758145889034495,2022-10-23 11:01:25.658989
9325,14.946210492984392,2022-10-23 11:31:10.672513
9326,15.117870820045937,2022-10-23 12:01:49.749733
9327,14.819342533999588,2022-10-23 12:30:56.068192
9328,14.482503819046542,2022-10-23 13:01:11.266917
9329,15.08382827800233,2022-10-23 13:31:04.083236
9330,14.569768034038134,2022-10-23 14:01:56.690023
9331,14.319920246023685,2022-10-23 14:30:37.07511
9332,15.163804388022982,2022-10-23 15:01:50.969421
9333,14.684411296999315,2022-10-23 15:31:09.752995
9334,14.44634559199767,2022-10-23 16:01:22.773232
9335,15.005719913868234,2022-10-23 16:31:00.663498
9336,14.79147850908339,2022-10-23 17:01:50.219317
9337,14.546713975956663,2022-10-23 17:31:00.065757
9338,14.576538201974472,2022-10-23 18:02:10.427576
9339,14.766854333109222,2022-10-23 18:30:48.103553
9340,15.344689386198297,2022-10-23 19:01:32.139329
9341,14.671478748088703,2022-10-23 19:30:46.065477
9342,15.375873103970662,2022-10-23 20:02:17.933331
9343,14.799653675989248,2022-10-23 20:30:41.084966
9344,15.90018043993041,2022-10-23 21:02:25.320501
9345,14.547092808992602,2022-10-23 21:30:43.037054
9346,14.504795741057023,2022-10-23 22:01:46.45665
9347,14.96487417499884,2022-10-23 22:30:49.2193
9348,14.525326219038107,2022-10-23 23:01:47.671419
9349,15.037187248002738,2022-10-23 23:30:56.192438
9350,14.501946546835825,2022-10-24 00:01:45.025309
9351,14.537928469944745,2022-10-24 00:30:39.1285
9352,15.320254134014249,2022-10-24 01:01:24.500585
9353,14.682804608950391,2022-10-24 01:30:49.720393
9354,15.03262483101571,2022-10-24 02:01:56.670853
9355,14.54859517305158,2022-10-24 02:30:48.859419
9356,15.324166795006022,2022-10-24 05:01:33.09281
9357,14.752743737000856,2022-10-24 05:30:46.968865
9358,15.277081545966212,2022-10-24 06:01:45.859073
9359,14.809308702941053,2022-10-24 06:30:50.252175
9360,14.266020745999413,2022-10-24 07:01:19.880641
9361,15.200702860980527,2022-10-24 07:31:05.362634
9362,14.494356430950575,2022-10-24 08:01:57.367071
9363,14.591760802002682,2022-10-24 08:31:00.648367
9364,14.49964648601599,2022-10-24 09:02:23.207863
9365,14.720933652017266,2022-10-24 09:31:20.52317
9366,14.899320876000274,2022-10-24 10:01:21.782641
9367,14.645418315019924,2022-10-24 10:31:08.085303
9368,15.280865935026668,2022-10-24 11:02:04.619867
9369,14.239801716990769,2022-10-24 11:31:24.726742
9370,15.112997595999332,2022-10-24 12:01:25.877938
9371,14.245694907000143,2022-10-24 12:31:05.878295
9372,14.2541339029558,2022-10-24 13:01:28.823806
9373,14.933630003000872,2022-10-24 13:31:28.800205
9374,14.445418348070234,2022-10-24 14:01:18.390358
9375,14.441245778929442,2022-10-24 14:31:09.073354
9376,14.431820423982572,2022-10-24 15:02:13.292161
9377,14.626453502976801,2022-10-24 15:30:47.807084
9378,14.776709478814155,2022-10-24 16:02:07.411503
9379,15.113800157036167,2022-10-24 16:30:56.202996
9380,14.668188235984417,2022-10-24 17:02:35.288818
9381,15.151206011883914,2022-10-24 17:31:35.665639
9382,14.448690871999133,2022-10-24 18:01:50.854517
9383,15.813934976002201,2022-10-24 18:30:47.792377
9384,15.030691591004143,2022-10-24 19:02:19.970912
9385,15.794601863948628,2022-10-24 19:30:53.622432
9386,15.008722056998522,2022-10-24 20:02:08.709011
9387,15.26465331891086,2022-10-24 20:31:01.251892
9388,15.15246173995547,2022-10-24 21:02:01.118765
9389,14.57559827703517,2022-10-24 21:30:45.641643
9390,14.476512029068545,2022-10-24 22:01:58.07485
9391,14.770186235022265,2022-10-24 22:30:39.948902
9392,15.361547298030928,2022-10-24 23:02:02.037776
9393,14.340606749989092,2022-10-24 23:30:44.476168
9394,14.850457239001116,2022-10-25 00:02:04.313123
9395,14.53700444707647,2022-10-25 00:30:37.336334
9396,15.001682000001892,2022-10-25 01:02:11.692006
9397,14.688110443996266,2022-10-25 01:31:00.597313
9398,14.624660886009224,2022-10-25 02:01:20.244657
9399,14.874201587983407,2022-10-25 02:30:55.442046
9400,15.22181397501845,2022-10-25 05:02:01.664954
9401,14.502371548907831,2022-10-25 05:30:57.596866
9402,14.540549154044129,2022-10-25 06:01:02.576378
9403,14.965817311996943,2022-10-25 06:30:41.031177
9404,14.464081199956127,2022-10-25 07:01:47.350623
9405,14.86364371504169,2022-10-25 07:30:55.097866
9406,14.450690809171647,2022-10-25 08:02:09.043027
9407,14.464091997942887,2022-10-25 08:30:47.106476
9408,14.413537949003512,2022-10-25 09:02:56.753291
9409,14.554516068019439,2022-10-25 09:31:12.433143
9410,14.373746560886502,2022-10-25 10:01:58.700869
9411,14.530455111060292,2022-10-25 10:30:56.44834
9412,14.218850877994555,2022-10-25 11:01:35.485273
9413,14.503494397038594,2022-10-25 11:31:00.526208
9414,14.925992676988244,2022-10-25 12:02:37.36631
9415,14.932447736995528,2022-10-25 12:30:55.334362
9416,14.369880345009733,2022-10-25 13:01:24.784528
9417,14.381843697046861,2022-10-25 13:30:41.194775
9418,15.069497816031799,2022-10-25 14:02:01.322497
9419,14.54579589801142,2022-10-25 14:30:42.414202
9420,15.080267367011402,2022-10-25 15:02:00.693581
9421,14.951119435019791,2022-10-25 15:31:03.290145
9422,14.48374595498899,2022-10-25 16:01:53.58038
9423,14.803033377975225,2022-10-25 16:30:48.004991
9424,14.565403332002461,2022-10-25 17:02:03.939154
9425,14.395045924000442,2022-10-25 17:30:43.201807
9426,14.458321700978559,2022-10-25 18:01:22.707076
9427,14.388657520990819,2022-10-25 18:30:43.161929
9428,15.015564755012747,2022-10-25 19:01:30.536335
9429,14.520517949946225,2022-10-25 19:30:40.352042
9430,15.002955501200631,2022-10-25 20:01:49.219917
9431,14.32588025800942,2022-10-25 20:31:04.480981
9432,14.984379800967872,2022-10-25 21:02:12.772551
9433,14.363275368930772,2022-10-25 21:30:37.268689
9434,14.517847770010121,2022-10-25 22:01:41.913017
9435,14.899388707010075,2022-10-25 22:30:51.335723
9436,14.483711989945732,2022-10-25 23:02:04.563926
9437,14.994708201033063,2022-10-25 23:31:06.104376
9438,14.406628863885999,2022-10-26 00:01:35.226044
9439,14.516595536028035,2022-10-26 00:31:02.944348
9440,14.55767415300943,2022-10-26 01:01:24.925758
9441,14.470265128999017,2022-10-26 01:30:36.887814
9442,14.551144769997336,2022-10-26 02:01:28.098976
9443,14.465277076000348,2022-10-26 02:30:56.506178
9444,14.89973717997782,2022-10-26 05:01:49.664973
9445,14.482119646971114,2022-10-26 05:31:03.327897
9446,14.942907216027379,2022-10-26 06:02:02.477396
9447,14.297363623045385,2022-10-26 06:30:41.521536
9448,14.435592782101594,2022-10-26 07:01:08.846898
9449,14.779592282982776,2022-10-26 07:31:06.23309
9450,14.181625250996149,2022-10-26 08:01:21.263863
9451,14.33161750799627,2022-10-26 08:31:05.920331
9452,14.403398015070707,2022-10-26 09:02:51.426116
9453,14.593279169988818,2022-10-26 09:31:11.289729
9454,14.920793554978445,2022-10-26 10:01:38.075462
9455,14.759092252003029,2022-10-26 10:31:08.348627
9456,14.43910598702496,2022-10-26 11:01:50.063245
9457,14.960600494989194,2022-10-26 11:31:07.720392
9458,14.933478242979618,2022-10-26 12:02:08.603381
9459,14.47899570595473,2022-10-26 12:30:39.810909
9460,14.436823875876144,2022-10-26 13:01:32.702289
9461,14.483367499982705,2022-10-26 13:31:30.378432
9462,14.828122305916622,2022-10-26 14:01:34.720623
9463,14.471148070064373,2022-10-26 14:30:52.129151
9464,15.06796267197933,2022-10-26 15:02:30.379989
9465,14.335201090987539,2022-10-26 15:31:27.969638
9466,14.552860386000248,2022-10-26 16:01:46.298144
9467,15.02014409401454,2022-10-26 16:31:22.345443
9468,14.328203899000073,2022-10-26 17:01:40.453392
9469,14.384341842960566,2022-10-26 17:31:04.290388
9470,14.302567272912711,2022-10-26 18:02:03.574342
9471,14.644295271020383,2022-10-26 18:30:43.396616
9472,14.595443891943432,2022-10-26 19:01:32.389118
9473,14.358236517000478,2022-10-26 19:31:02.437924
9474,14.910813590977341,2022-10-26 20:02:17.852114
9475,14.542015402985271,2022-10-26 20:30:39.701163
9476,14.507455398095772,2022-10-26 21:02:10.100829
9477,15.280609695939347,2022-10-26 21:31:01.553936
9478,14.538699742988683,2022-10-26 22:00:53.684544
9479,15.014050020137802,2022-10-26 22:31:05.092727
9480,14.77262369194068,2022-10-26 23:01:13.634232
9481,14.487693327944726,2022-10-26 23:30:44.706379
9482,14.370893042068928,2022-10-27 00:02:13.229213
9483,14.43780015099992,2022-10-27 00:30:39.298717
9484,14.815517835028004,2022-10-27 01:02:00.610301
9485,14.438987288012868,2022-10-27 01:30:37.582606
9486,14.345165058970451,2022-10-27 02:01:17.684701
9487,15.09068459412083,2022-10-27 02:31:03.292474
9488,14.968838325003162,2022-10-27 05:01:43.11167
9489,14.549269742099568,2022-10-27 05:30:38.279864
9490,16.74091204701108,2022-10-27 06:01:52.066259
9491,14.509284813888371,2022-10-27 06:30:56.693835
9492,15.903148360084742,2022-10-27 07:01:57.6993
9493,14.597261123999488,2022-10-27 07:30:43.985342
9494,15.648670054972172,2022-10-27 08:02:12.458115
9495,14.43870282988064,2022-10-27 08:31:05.677454
9496,15.00712275900878,2022-10-27 09:03:03.89485
9497,14.411410266999155,2022-10-27 09:30:49.316165
9498,14.444192447001114,2022-10-27 10:01:34.282647
9499,14.469521321821958,2022-10-27 10:30:39.856463
9500,14.512315511005,2022-10-27 11:02:15.064496
9501,14.80604184907861,2022-10-27 11:31:04.213631
9502,14.472488248022273,2022-10-27 12:01:41.962281
9503,14.465962545014918,2022-10-27 12:30:57.691447
9504,14.429957814980298,2022-10-27 13:02:05.319029
9505,14.339402717945632,2022-10-27 13:31:00.913798
9506,15.413594838930294,2022-10-27 14:02:11.778839
9507,14.419691750023048,2022-10-27 14:30:59.396516
9508,14.459446670021862,2022-10-27 15:01:33.614169
9509,15.060494306031615,2022-10-27 15:31:05.119488
9510,14.392810679972172,2022-10-27 16:01:54.401871
9511,14.547538918908685,2022-10-27 16:30:58.311869
9512,14.457123606989626,2022-10-27 17:02:03.246495
9513,14.504360824124888,2022-10-27 17:31:01.556697
9514,14.28790386102628,2022-10-27 18:02:04.581028
9515,14.352354045026004,2022-10-27 18:30:47.989655
9516,15.056725663947873,2022-10-27 19:01:53.708186
9517,14.500552623067051,2022-10-27 19:30:38.437071
9518,14.432492371997796,2022-10-27 20:01:25.783131
9519,14.93741431296803,2022-10-27 20:30:55.326247
9520,14.487934347940609,2022-10-27 21:01:50.931941
9521,14.393812292953953,2022-10-27 21:30:48.415813
9522,14.961230813001748,2022-10-27 22:02:11.505527
9523,14.430407783947885,2022-10-27 22:31:07.233678
9524,14.424347458174452,2022-10-27 23:01:33.940759
9525,14.409931275993586,2022-10-27 23:30:45.739187
9526,14.427482406143099,2022-10-28 00:01:55.700889
9527,15.021982911974192,2022-10-28 00:30:46.53953
9528,14.429478319827467,2022-10-28 01:01:52.118309
9529,14.945248072996037,2022-10-28 01:31:05.124737
9530,14.485785247990862,2022-10-28 02:00:55.460567
9531,14.309731322806329,2022-10-28 02:30:55.027505
9532,14.995924080954865,2022-10-28 05:00:50.608002
9533,14.531911862024572,2022-10-28 05:31:02.280123
9534,14.868987826048397,2022-10-28 06:01:52.130186
9535,14.69150430400623,2022-10-28 06:30:47.191135
9536,14.38368811714463,2022-10-28 07:01:20.949886
9537,14.994682813994586,2022-10-28 07:30:47.809387
9538,14.49137090399745,2022-10-28 08:01:42.417083
9539,14.742409085971303,2022-10-28 08:31:02.307844
9540,14.501099996035919,2022-10-28 09:02:21.613184
9541,15.217977244174108,2022-10-28 09:31:06.445085
9542,14.94444322498748,2022-10-28 10:01:31.267423
9543,15.093071316019632,2022-10-28 10:31:04.432564
9544,14.43883138091769,2022-10-28 11:01:39.780242
9545,14.318773136939853,2022-10-28 11:31:02.709096
9546,14.872545148944482,2022-10-28 12:01:50.72419
9547,14.595869506942108,2022-10-28 12:30:42.959345
9548,14.311386386980303,2022-10-28 13:01:49.410463
9549,14.601461955113336,2022-10-28 13:30:58.658832
9550,14.918825607048348,2022-10-28 14:01:56.846857
9551,15.002654721029103,2022-10-28 14:30:39.71169
9552,15.09131392200652,2022-10-28 15:01:47.151822
9553,14.679398539010435,2022-10-28 15:31:05.835602
9554,15.12841983907856,2022-10-28 16:01:37.765161
9555,14.476530933054164,2022-10-28 16:30:41.570438
9556,14.916273851995356,2022-10-28 17:02:20.495779
9557,14.570154543966055,2022-10-28 17:30:54.976382
9558,14.56046305783093,2022-10-28 18:02:11.988162
9559,14.591819379944354,2022-10-28 18:30:56.45997
9560,14.3757252630312,2022-10-28 19:02:13.027272
9561,15.259992666018661,2022-10-28 19:30:49.723414
9562,14.80464830296114,2022-10-28 20:02:07.05525
9563,14.482971917139366,2022-10-28 20:30:35.801752
9564,14.648273978149518,2022-10-28 21:01:33.786394
9565,14.534630356007256,2022-10-28 21:30:36.495193
9566,14.824220548005542,2022-10-28 22:02:02.545333
9567,14.462462636991404,2022-10-28 22:30:35.728106
9568,15.147389173012925,2022-10-28 23:02:12.506775
9569,14.660579645016696,2022-10-28 23:30:35.042022
9570,14.522035328001948,2022-10-29 00:00:51.96422
9571,14.77102892001858,2022-10-29 00:31:00.41254
9572,14.524801659979858,2022-10-29 01:01:57.250731
9573,14.388815780868754,2022-10-29 01:30:52.174045
9574,15.047096279100515,2022-10-29 02:01:58.397497
9575,14.520146602997556,2022-10-29 02:31:00.842783
9576,15.06129247508943,2022-10-29 05:00:57.646124
9577,15.451656634977553,2022-10-29 05:30:47.874824
9578,15.008190274005756,2022-10-29 06:01:30.138746
9579,15.568326886976138,2022-10-29 06:30:51.431877
9580,14.309275064850226,2022-10-29 07:01:25.472556
9581,16.293737175001297,2022-10-29 07:31:06.199208
9582,14.532119123032317,2022-10-29 08:02:09.092701
9583,15.986105972900987,2022-10-29 08:31:10.54946
9584,14.561048979056068,2022-10-29 09:02:56.243562
9585,16.242098739021458,2022-10-29 09:31:17.247107
9586,14.378257842035964,2022-10-29 10:02:22.973829
9587,14.495190114015713,2022-10-29 10:30:56.367793
9588,14.485322878987063,2022-10-29 11:01:43.742031
9589,14.36728787003085,2022-10-29 11:31:22.917777
9590,14.221060878946446,2022-10-29 12:01:53.477493
9591,14.329157525091432,2022-10-29 12:30:50.785635
9592,15.156331598001998,2022-10-29 13:01:16.394177
9593,14.349277974804863,2022-10-29 13:30:55.221675
9594,15.224279262998607,2022-10-29 14:01:57.588656
9595,14.461797302006744,2022-10-29 14:30:46.995278
9596,15.056275526992977,2022-10-29 15:02:28.086984
9597,14.30195914185606,2022-10-29 15:31:03.122965
9598,14.48426449301769,2022-10-29 16:01:22.360796
9599,14.902375435005524,2022-10-29 16:30:52.115537
9600,14.405660392949358,2022-10-29 17:01:20.251617
9601,14.28164872599882,2022-10-29 17:30:42.342139
9602,14.99204687983729,2022-10-29 18:01:37.317197
9603,14.390517505002208,2022-10-29 18:31:04.498066
9604,14.945187898119912,2022-10-29 19:02:01.283108
9605,14.489915871003177,2022-10-29 19:30:58.187164
9606,14.260230195010081,2022-10-29 20:01:35.889363
9607,14.987224430020433,2022-10-29 20:30:55.24593
9608,14.213394754915498,2022-10-29 21:01:27.120676
9609,14.432392033049837,2022-10-29 21:30:53.610473
9610,14.39618816995062,2022-10-29 22:01:07.793352
9611,14.356291428033728,2022-10-29 22:30:51.178431
9612,14.999813491012901,2022-10-29 23:01:35.76949
9613,14.31014968099771,2022-10-29 23:30:52.984847
9614,14.788099890050944,2022-10-30 00:01:48.821045
9615,14.425373822916299,2022-10-30 00:30:49.104213
9616,14.455043380032293,2022-10-30 01:01:07.128627
9617,14.762584634008817,2022-10-30 01:30:46.354656
9618,14.40989911404904,2022-10-30 02:01:23.493077
9619,15.062357976989006,2022-10-30 02:30:58.889614
9620,14.93516693499987,2022-10-30 05:01:24.875603
9621,14.378465273883194,2022-10-30 05:30:49.028843
9622,15.000710153020918,2022-10-30 06:02:07.395685
9623,14.476736663025804,2022-10-30 06:30:49.819605
9624,14.52549737800291,2022-10-30 07:01:50.704658
9625,15.025302103022113,2022-10-30 07:30:43.659357
9626,14.498203472001478,2022-10-30 08:01:44.489031
9627,15.02111848599452,2022-10-30 08:31:06.182438
9628,14.601544279954396,2022-10-30 09:02:03.93057
9629,14.817768617998809,2022-10-30 09:31:24.297021
9630,14.500186244957149,2022-10-30 10:01:31.656132
9631,14.507154074963182,2022-10-30 10:31:04.987577
9632,15.002792553976178,2022-10-30 11:01:52.97563
9633,14.457143013831228,2022-10-30 11:30:57.695707
9634,14.331176833016798,2022-10-30 12:01:33.374868
9635,14.838247723062523,2022-10-30 12:30:53.968664
9636,14.571218940982362,2022-10-30 13:01:51.788464
9637,14.655428420985118,2022-10-30 13:30:49.904226
9638,13.513462124974467,2022-10-30 14:01:17.54006
9639,13.524666792014614,2022-10-30 14:30:55.642441
9640,13.540402010083199,2022-10-30 15:01:27.237276
9641,13.325886967009865,2022-10-30 15:30:45.81329
9642,13.297898935037665,2022-10-30 16:02:05.136227
9643,13.623332097980892,2022-10-30 16:30:45.628322
9644,13.534028498921543,2022-10-30 17:02:17.392024
9645,13.275847518001683,2022-10-30 17:30:54.129211
9646,13.215112221892923,2022-10-30 18:01:36.129465
9647,13.565482137957588,2022-10-30 18:30:51.455447
9648,13.422278044046834,2022-10-30 19:02:05.968312
9649,13.508212096057832,2022-10-30 19:31:00.045762
9650,13.347291342914104,2022-10-30 20:01:08.385868
9651,13.471437213011086,2022-10-30 20:31:03.833687
9652,13.230240034987219,2022-10-30 21:01:59.046542
9653,13.319202576007228,2022-10-30 21:30:41.63008
9654,13.421811108943075,2022-10-30 22:01:24.825173
9655,13.382543897023425,2022-10-30 22:30:42.486042
9656,13.244200905784965,2022-10-30 23:00:41.06069
9657,13.528604032006115,2022-10-30 23:30:58.499789
9658,13.414207539997733,2022-10-31 00:02:01.168442
9659,13.309457729919814,2022-10-31 00:30:38.106119
9660,13.496128579834476,2022-10-31 01:00:50.56171
9661,13.330374913988635,2022-10-31 01:31:02.634599
9662,13.307328739902005,2022-10-31 02:01:16.011962
9663,13.488811440067366,2022-10-31 02:30:58.52699
9664,13.599061510059983,2022-10-31 05:01:19.853469
9665,13.476883181021549,2022-10-31 05:30:50.81323
9666,13.495402526052203,2022-10-31 06:02:04.058654
9667,13.248408704996109,2022-10-31 06:31:02.525591
9668,13.458908742002677,2022-10-31 07:02:01.101534
9669,13.488749468000606,2022-10-31 07:31:05.576614
9670,13.447172056999989,2022-10-31 08:01:30.887357
9671,13.38206909794826,2022-10-31 08:30:44.124145
9672,13.52391833299771,2022-10-31 09:01:50.064889
9673,13.573920815018937,2022-10-31 09:30:48.489223
9674,13.34178143600002,2022-10-31 10:01:54.413233
9675,13.467838160926476,2022-10-31 10:30:47.250462
9676,13.219657813897356,2022-10-31 11:01:34.434791
9677,13.433480369014433,2022-10-31 11:30:42.415886
9678,13.575274161994457,2022-10-31 12:01:46.270524
9679,13.351472645998001,2022-10-31 12:30:35.126588
9680,13.60931027890183,2022-10-31 13:01:15.964159
9681,13.548966760979965,2022-10-31 13:30:58.486839
9682,13.402011546073481,2022-10-31 14:01:57.346279
9683,13.252272099023685,2022-10-31 14:31:03.861208
9684,13.24782164185308,2022-10-31 15:02:17.494095
9685,13.581995029002428,2022-10-31 15:30:36.590729
9686,13.423032774124295,2022-10-31 16:01:27.224184
9687,13.281115318008233,2022-10-31 16:31:17.637617
9688,13.345704025006853,2022-10-31 17:01:36.684518
9689,13.324563417991158,2022-10-31 17:30:39.222512
9690,13.527132806135342,2022-10-31 18:01:21.607352
9691,13.417664448032156,2022-10-31 18:30:38.226687
9692,13.432268821983598,2022-10-31 19:02:06.405204
9693,13.529148863162845,2022-10-31 19:31:05.128226
9694,13.565064793918282,2022-10-31 20:01:59.288145
9695,13.29993822099641,2022-10-31 20:31:01.352826
9696,13.444510382134467,2022-10-31 21:02:11.364953
9697,13.48280404903926,2022-10-31 21:30:35.617607
9698,13.230277995113283,2022-10-31 22:00:49.267376
9699,13.633922334061936,2022-10-31 22:30:58.875035
9700,13.286211491911672,2022-10-31 23:01:24.201195
9701,13.510499770054594,2022-10-31 23:30:49.728499
9702,13.248695034068078,2022-11-01 00:02:09.882159
9703,13.795070662978105,2022-11-01 00:30:43.510494
9704,13.488646000041626,2022-11-01 01:02:02.039295
9705,13.367934050009353,2022-11-01 01:30:38.759821
9706,13.47826722310856,2022-11-01 02:02:12.188126
9707,13.552053358987905,2022-11-01 02:30:38.640334
9708,13.394091387977824,2022-11-01 05:02:02.910414
9709,13.36191012407653,2022-11-01 05:30:44.922232
9710,13.40499411500059,2022-11-01 06:01:26.270648
9711,13.395356149063446,2022-11-01 06:31:05.848447
9712,13.474304272909649,2022-11-01 07:01:09.213538
9713,13.39357497706078,2022-11-01 07:30:59.391815
9714,13.517528495984152,2022-11-01 08:01:54.78694
9715,13.1564591138158,2022-11-01 08:30:49.588498
9716,13.417545089992927,2022-11-01 09:02:33.920198
9717,13.352185572992312,2022-11-01 09:30:54.028543
9718,13.499964536051266,2022-11-01 10:02:33.638764
9719,13.520538275828585,2022-11-01 10:31:02.574545
9720,13.465296106995083,2022-11-01 11:01:25.653874
9721,13.420103720971383,2022-11-01 11:30:55.658842
9722,13.46442058798857,2022-11-01 12:01:17.655736
9723,13.402901389985345,2022-11-01 12:31:07.227169
9724,13.37729002499691,2022-11-01 13:01:17.342733
9725,13.501322227995843,2022-11-01 13:30:53.460969
9726,13.542962993029505,2022-11-01 14:01:45.059313
9727,13.502334368880838,2022-11-01 14:30:50.014634
9728,13.60195433802437,2022-11-01 15:01:17.632551
9729,13.515128188068047,2022-11-01 15:30:46.826788
9730,13.492457834014203,2022-11-01 16:02:27.741069
9731,13.32577197405044,2022-11-01 16:30:38.142688
9732,13.671498930081725,2022-11-01 17:02:11.931149
9733,13.422773076919839,2022-11-01 17:31:08.134049
9734,13.68587883998407,2022-11-01 18:01:16.186375
9735,13.577538653975353,2022-11-01 18:31:04.305071
9736,13.619135245011421,2022-11-01 19:01:32.578457
9737,13.498246087925509,2022-11-01 19:30:46.257127
9738,13.465345809003338,2022-11-01 20:01:18.691546
9739,13.586001679999754,2022-11-01 20:31:01.360149
9740,13.499933153158054,2022-11-01 21:01:52.136963
9741,13.439619926037267,2022-11-01 21:30:43.626384
9742,13.48761527298484,2022-11-01 22:02:08.346155
9743,13.29941728594713,2022-11-01 22:30:47.39947
9744,13.449499204056337,2022-11-01 23:00:46.730305
9745,13.4854391599074,2022-11-01 23:31:00.930108
9746,13.91243332088925,2022-11-02 00:01:57.71438
9747,13.420602368016262,2022-11-02 00:31:01.520777
9748,13.550826441962272,2022-11-02 01:01:12.402224
9749,13.60182664601598,2022-11-02 01:30:54.416026
9750,13.519294851983432,2022-11-02 02:01:13.273726
9751,13.667010925943032,2022-11-02 02:30:47.23265
9752,13.535910634003812,2022-11-02 05:01:45.625234
9753,13.546289593912661,2022-11-02 05:30:52.44138
9754,13.509565856074914,2022-11-02 06:00:44.219034
9755,13.458385780046228,2022-11-02 06:30:55.676849
9756,13.353096541948617,2022-11-02 07:00:55.251428
9757,13.599050975986756,2022-11-02 07:31:08.996658
9758,13.527984068961814,2022-11-02 08:02:00.766137
9759,13.46374498005025,2022-11-02 08:31:05.785488
9760,13.324196480971295,2022-11-02 09:02:19.257084
9761,13.49141163600143,2022-11-02 09:31:17.404147
9762,13.654275541077368,2022-11-02 10:02:34.130797
9763,13.18581104488112,2022-11-02 10:30:44.897581
9764,13.573078602028545,2022-11-02 11:02:05.183751
9765,13.625043869018555,2022-11-02 11:31:19.95893
9766,13.477167539998845,2022-11-02 12:02:06.277028
9767,13.728219286073,2022-11-02 12:30:58.453361
9768,14.087328564957716,2022-11-02 13:02:08.947905
9769,14.07543361093849,2022-11-02 13:30:51.266537
9770,13.68200830486603,2022-11-02 14:01:36.209059
9771,13.503967719999991,2022-11-02 14:31:03.79391
9772,13.464031781000813,2022-11-02 15:02:29.316324
9773,13.89106837399595,2022-11-02 15:31:03.595033
9774,13.976629715000854,2022-11-02 16:02:19.7789
9775,13.995592486000533,2022-11-02 16:31:03.960078
9776,13.766099671003758,2022-11-02 17:01:12.685364
9777,13.788511546999871,2022-11-02 17:31:02.397722
9778,14.156171335023828,2022-11-02 18:01:23.490445
9779,13.86694849200012,2022-11-02 18:30:49.538015
9780,13.76544399800332,2022-11-02 19:01:46.310008
9781,14.153460579997045,2022-11-02 19:30:46.03641
9782,14.03171042699978,2022-11-02 20:01:02.009878
9783,13.481876492000083,2022-11-02 20:30:52.472019
9784,13.862064642002224,2022-11-02 21:01:51.736614
9785,13.855241247998492,2022-11-02 21:31:01.52886
9786,13.795554237000033,2022-11-02 22:01:17.982014
9787,14.148926564994326,2022-11-02 22:30:53.178598
9788,13.937342269004148,2022-11-02 23:02:16.895781
9789,13.544405146998542,2022-11-02 23:30:50.397329
9790,13.541939001999708,2022-11-03 00:02:15.900265
9791,13.62552712699835,2022-11-03 00:30:58.385625
9792,13.99501905299985,2022-11-03 01:01:47.565202
9793,13.9426590639996,2022-11-03 01:30:58.329915
9794,13.542063710003276,2022-11-03 02:02:04.181602
9795,14.054988874002447,2022-11-03 02:30:51.931826
9796,13.8876120490022,2022-11-03 05:01:35.503637
9797,14.002824309005518,2022-11-03 05:30:37.268427
9798,13.80865007200191,2022-11-03 06:01:35.990513
9799,13.954464099995675,2022-11-03 06:30:38.786605
9800,13.929776482000307,2022-11-03 07:02:15.56534
9801,13.054315995999787,2022-11-03 07:30:53.974787
9802,13.389283456999692,2022-11-03 08:01:35.537823
9803,13.843681077996735,2022-11-03 08:30:45.352515
9804,13.663930452006753,2022-11-03 09:02:44.799356
9805,13.839156787995307,2022-11-03 09:31:00.840175
9806,14.006549912999617,2022-11-03 10:01:59.535658
9807,13.58838246200321,2022-11-03 10:30:56.227184
9808,13.600619557997561,2022-11-03 11:01:26.469252
9809,13.278875629999675,2022-11-03 11:30:59.845746
9810,13.602133053995203,2022-11-03 12:01:55.824608
9811,13.511988708007266,2022-11-03 12:30:54.064706
9812,13.600228966999566,2022-11-03 13:01:42.847914
9813,13.434712002999731,2022-11-03 13:30:50.596204
9814,13.505445923001389,2022-11-03 14:01:22.217404
9815,13.685016383999027,2022-11-03 14:30:43.542341
9816,13.852350371002103,2022-11-03 15:01:56.881744
9817,13.678254493992426,2022-11-03 15:31:31.632542
9818,13.64690517001145,2022-11-03 16:01:42.352339
9819,13.936573443992529,2022-11-03 16:30:54.768046
9820,13.503232877003029,2022-11-03 17:01:17.156032
9821,13.638195375999203,2022-11-03 17:30:53.380492
9822,14.049067852000007,2022-11-03 18:02:13.328184
9823,14.10934003200964,2022-11-03 18:30:50.327948
9824,13.410814865001157,2022-11-03 19:01:58.137517
9825,13.500166826997884,2022-11-03 19:30:38.11449
9826,13.446960215995205,2022-11-03 20:01:29.583424
9827,13.491082886001095,2022-11-03 20:30:44.84356
9828,13.552949719000026,2022-11-03 21:01:58.843792
9829,13.474425143998815,2022-11-03 21:30:37.589588
9830,13.332057084000553,2022-11-03 22:00:43.631307
9831,13.7459631380043,2022-11-03 22:30:35.855695
9832,13.619051728004706,2022-11-03 23:02:11.651082
9833,13.329652005020762,2022-11-03 23:31:02.762167
9834,13.721829014990362,2022-11-04 00:02:15.039236
9835,13.420175602994277,2022-11-04 00:30:48.389833
9836,13.540222145995358,2022-11-04 01:01:54.399026
9837,13.563660320010968,2022-11-04 01:31:04.028478
9838,13.406867559999228,2022-11-04 02:01:45.200943
9839,13.432307769020554,2022-11-04 02:30:52.168374
9840,13.607934681000188,2022-11-04 05:01:32.123301
9841,13.591693196009146,2022-11-04 05:31:00.253234
9842,13.409204527008114,2022-11-04 06:00:42.188806
9843,13.420439843001077,2022-11-04 06:30:55.557165
9844,13.374083055998199,2022-11-04 07:02:00.646236
9845,13.532501402994967,2022-11-04 07:30:59.962125
9846,13.30472489400563,2022-11-04 08:01:35.766405
9847,13.536128420993919,2022-11-04 08:30:50.950298
9848,13.520925674005412,2022-11-04 09:02:42.667254
9849,13.450610044994392,2022-11-04 09:30:38.946402
9850,13.51923184498446,2022-11-04 10:01:51.024583
9851,13.656942612986313,2022-11-04 10:30:45.08739
9852,13.431124711991288,2022-11-04 11:02:06.896137
9853,13.201274110993836,2022-11-04 11:31:01.135372
9854,13.264747505018022,2022-11-04 12:01:20.198343
9855,13.47447611100506,2022-11-04 12:31:02.260181
9856,13.562655632995302,2022-11-04 13:01:49.157272
9857,13.459514093003236,2022-11-04 13:30:51.413254
9858,13.641059699002653,2022-11-04 14:01:10.27848
9859,12.90003260798403,2022-11-04 14:30:55.842756
9860,12.975901483005146,2022-11-04 15:01:51.26781
9861,13.46289430098841,2022-11-04 15:31:02.517485
9862,13.568978499999503,2022-11-04 16:01:21.842632
9863,13.447833633996197,2022-11-04 16:31:23.591304
9864,13.473946084995987,2022-11-04 17:01:37.614392
9865,13.425898683984997,2022-11-04 17:30:40.817263
9866,13.449933130003046,2022-11-04 18:01:31.650887
9867,13.770768866001163,2022-11-04 18:30:56.78825
9868,13.535964611975942,2022-11-04 19:01:57.242249
9869,13.676889081019908,2022-11-04 19:30:54.80477
9870,13.52438517200062,2022-11-04 20:01:29.684111
9871,13.525556548003806,2022-11-04 20:30:39.084046
9872,13.329920946998755,2022-11-04 21:01:22.378505
9873,13.640796422987478,2022-11-04 21:30:44.325873
9874,13.447281564003788,2022-11-04 22:01:36.695295
9875,13.47625256399624,2022-11-04 22:30:36.986637
9876,13.48564577900106,2022-11-04 23:02:02.132788
9877,13.405172339989804,2022-11-04 23:30:49.83667
9878,13.366603458009195,2022-11-05 00:01:43.346632
9879,13.549772379017668,2022-11-05 00:30:54.905431
9880,13.49975912400987,2022-11-05 01:01:41.469028
9881,13.557713929010788,2022-11-05 01:31:08.448546
9882,13.74234835000243,2022-11-05 02:02:06.641174
9883,13.309769699000753,2022-11-05 02:30:40.060045
9884,13.561086293979315,2022-11-05 05:01:28.581918
9885,13.62774621200515,2022-11-05 05:30:38.529245
9886,13.42832052000449,2022-11-05 06:01:54.769407
9887,13.794572876999155,2022-11-05 06:31:01.04974
9888,13.775378319987794,2022-11-05 07:02:11.122155
9889,13.35031295902445,2022-11-05 07:30:51.193621
9890,13.60922160698101,2022-11-05 08:01:50.56106
9891,13.680662091006525,2022-11-05 08:31:00.597379
9892,13.725291687005665,2022-11-05 09:02:07.162065
9893,13.462222144997213,2022-11-05 09:30:55.741539
9894,13.427763308020076,2022-11-05 10:01:25.724893
9895,13.267730235005729,2022-11-05 10:30:42.166001
9896,13.458930117980344,2022-11-05 11:01:57.789865
9897,13.415811059996486,2022-11-05 11:30:37.60381
9898,13.55353364898474,2022-11-05 12:01:53.376659
9899,13.73587318600039,2022-11-05 12:30:59.288276
9900,13.492587588028982,2022-11-05 13:01:21.6652
9901,13.637158185010776,2022-11-05 13:30:50.477398
9902,13.414201545994729,2022-11-05 14:02:08.810832
9903,13.431743665976683,2022-11-05 14:31:07.474198
9904,13.626410930010024,2022-11-05 15:01:18.797576
9905,13.615004686987959,2022-11-05 15:30:45.189197
9906,13.133687733992701,2022-11-05 16:01:34.883011
9907,13.451865185998031,2022-11-05 16:30:32.827034
9908,13.47038309799973,2022-11-05 17:02:00.948597
9909,13.522743912995793,2022-11-05 17:31:05.134391
9910,13.452265402011108,2022-11-05 18:01:45.335425
9911,13.375986484985333,2022-11-05 18:30:44.640919
9912,13.502004754991503,2022-11-05 19:01:56.115218
9913,13.662175648001721,2022-11-05 19:30:35.766737
9914,13.587746132048778,2022-11-05 20:01:54.208681
9915,13.5564608220011,2022-11-05 20:31:03.867362
9916,13.755841778009199,2022-11-05 21:01:25.757913
9917,13.507424914976582,2022-11-05 21:30:56.908292
9918,13.46091705095023,2022-11-05 22:00:58.349756
9919,13.500375200994313,2022-11-05 22:30:56.454933
9920,13.497922980983276,2022-11-05 23:00:58.279634
9921,13.419872084981762,2022-11-05 23:31:05.78724
9922,13.55800475605065,2022-11-06 00:01:59.151569
9923,13.614625477988739,2022-11-06 00:30:38.765703
9924,13.554672097030561,2022-11-06 01:02:06.617475
9925,13.570946176012512,2022-11-06 01:31:05.446423
9926,13.465953162987716,2022-11-06 02:01:37.606999
9927,13.412787684996147,2022-11-06 02:30:42.051693
9928,13.520105882023927,2022-11-06 05:01:25.703122
9929,13.446566574042663,2022-11-06 05:30:37.097791
9930,13.556284645979758,2022-11-06 06:00:57.130049
9931,13.597930946969427,2022-11-06 06:30:34.512122
9932,13.371428157028276,2022-11-06 07:01:18.67981
9933,13.577963767980691,2022-11-06 07:30:47.881527
9934,13.552372324978933,2022-11-06 08:02:06.939128
9935,13.363157476007473,2022-11-06 08:30:48.305135
9936,13.4070896320045,2022-11-06 09:11:10.652838
9937,13.459205306018703,2022-11-06 09:31:06.017817
9938,13.432484756049234,2022-11-06 10:01:21.408471
9939,13.577383408999594,2022-11-06 10:30:51.549157
9940,13.661077398981433,2022-11-06 11:01:56.798665
9941,13.399940620991401,2022-11-06 11:30:53.455882
9942,13.628144168003928,2022-11-06 12:01:18.197396
9943,13.515002563013695,2022-11-06 12:30:43.403717
9944,13.453841939975973,2022-11-06 13:01:55.348066
9945,13.270448211987969,2022-11-06 13:30:34.530192
9946,13.47687232698081,2022-11-06 14:02:10.11267
9947,13.471579946985003,2022-11-06 14:30:55.157619
9948,13.558509043010417,2022-11-06 15:01:08.524422
9949,13.529356977029238,2022-11-06 15:30:35.875216
9950,13.74014951402205,2022-11-06 16:01:41.520608
9951,13.535447473987006,2022-11-06 16:30:41.230251
9952,13.182659844002046,2022-11-06 17:02:36.385182
9953,13.418348056991817,2022-11-06 17:31:04.709247
9954,13.48993890202837,2022-11-06 18:01:10.870499
9955,13.532286633970216,2022-11-06 18:30:51.321655
9956,13.522519971011207,2022-11-06 19:01:44.988034
9957,13.616491158027202,2022-11-06 19:30:39.370395
9958,13.422793969046324,2022-11-06 20:01:03.590734
9959,13.534016177000012,2022-11-06 20:30:50.631312
9960,13.527264120988548,2022-11-06 21:01:49.94932
9961,13.471443418005947,2022-11-06 21:30:40.31271
9962,13.461110453994479,2022-11-06 22:02:03.97197
9963,13.384969172009733,2022-11-06 22:30:52.985711
9964,13.39062682702206,2022-11-06 23:01:13.016599
9965,13.279103956010658,2022-11-06 23:30:57.813129
9966,13.51450685603777,2022-11-07 00:02:03.437036
9967,13.555066100030672,2022-11-07 00:30:58.891229
9968,13.493780283024535,2022-11-07 01:01:27.983049
9969,13.625139272015076,2022-11-07 01:31:01.707284
9970,13.589233934006188,2022-11-07 02:01:01.059951
9971,13.493801832955796,2022-11-07 02:30:57.127515
9972,13.634466358984355,2022-11-07 05:01:15.739036
9973,13.444871447005426,2022-11-07 05:30:35.112148
9974,13.659132220956963,2022-11-07 06:01:17.038399
9975,13.45368310099002,2022-11-07 06:30:48.259413
9976,13.599228987994138,2022-11-07 07:01:44.263397
9977,13.442527854000218,2022-11-07 07:30:41.24098
9978,13.520655421016272,2022-11-07 08:01:56.873865
9979,13.527583901013713,2022-11-07 08:31:07.713509
9980,13.432461928998237,2022-11-07 09:02:54.029241
9981,13.456406809971668,2022-11-07 09:31:18.66095
9982,13.662034897017293,2022-11-07 10:01:57.783211
9983,13.57963638502406,2022-11-07 10:31:01.969855
9984,13.590131368022412,2022-11-07 11:02:04.161703
9985,13.515341115999036,2022-11-07 11:30:49.738753
9986,13.581696776964236,2022-11-07 12:02:37.545266
9987,13.4586405059963,2022-11-07 12:30:48.955151
9988,13.208193195983768,2022-11-07 13:01:29.631215
9989,13.32927486699191,2022-11-07 13:30:59.692127
9990,13.650745407037903,2022-11-07 14:02:15.264264
9991,13.612534357991535,2022-11-07 14:30:38.73242
9992,13.56668784400972,2022-11-07 15:01:17.980355
9993,13.739735216018744,2022-11-07 15:30:44.434201
9994,13.542696554010035,2022-11-07 16:02:10.975198
9995,13.759654838009737,2022-11-07 16:30:49.996242
9996,13.475285421009175,2022-11-07 17:01:37.096321
9997,13.461892673978582,2022-11-07 17:30:38.261431
9998,13.265569797018543,2022-11-07 18:01:44.228772
9999,13.714406087005045,2022-11-07 18:30:55.148871
10000,13.570287163951434,2022-11-07 19:01:07.268485
10001,13.706562314997427,2022-11-07 19:30:42.479623
10002,13.618112403026316,2022-11-07 20:01:20.891062
10003,13.45402116299374,2022-11-07 20:30:43.797475
10004,13.493287601042539,2022-11-07 21:02:11.025449
10005,13.55919970299874,2022-11-07 21:30:57.062393
10006,13.716907590976916,2022-11-07 22:01:53.02581
10007,13.63074420200428,2022-11-07 22:30:53.509363
10008,13.588145187997725,2022-11-07 23:02:08.356165
10009,13.545021595957223,2022-11-07 23:30:37.645086
10010,13.501051939034369,2022-11-08 00:01:46.17158
10011,13.428402828023536,2022-11-08 00:31:01.471915
10012,13.695209262019489,2022-11-08 01:01:45.611828
10013,13.46959914197214,2022-11-08 01:31:02.784468
10014,13.363090710015967,2022-11-08 02:02:01.211433
10015,13.516949528013356,2022-11-08 02:30:59.82293
10016,13.354755567968823,2022-11-08 05:01:39.829298
10017,13.570435298002849,2022-11-08 05:30:51.533291
10018,13.607833280984778,2022-11-08 06:02:15.260631
10019,13.683907851984259,2022-11-08 06:30:44.635171
10020,13.619125765981153,2022-11-08 07:01:48.200964
10021,13.556305132980924,2022-11-08 07:30:50.982608
10022,13.38456227304414,2022-11-08 08:01:28.829568
10023,13.581648229970597,2022-11-08 08:31:08.008633
10024,13.630337672017049,2022-11-08 09:02:16.145072
10025,13.518050661019515,2022-11-08 09:31:11.734187
10026,13.514344431983773,2022-11-08 10:02:06.551526
10027,13.491146925021894,2022-11-08 10:31:04.635701
10028,13.93165298202075,2022-11-08 11:01:52.449366
10029,13.449293583049439,2022-11-08 11:30:45.783144
10030,13.37968113902025,2022-11-08 12:01:24.123988
10031,13.64126173400291,2022-11-08 12:31:00.577014
10032,13.747597925015725,2022-11-08 13:02:10.370518
10033,13.428181106981356,2022-11-08 13:30:49.064109
10034,13.437169508993975,2022-11-08 14:01:37.037008
10035,13.468184583005495,2022-11-08 14:30:43.687381
10036,13.56884708799771,2022-11-08 15:02:18.544653
10037,13.317522489000112,2022-11-08 15:30:33.742465
10038,13.642573557968717,2022-11-08 16:01:30.706485
10039,13.463406648021191,2022-11-08 16:30:37.805384
10040,13.50773846800439,2022-11-08 17:02:08.846938
10041,13.565379303006921,2022-11-08 17:30:57.233589
10042,13.725581900973339,2022-11-08 18:02:12.610014
10043,13.528175862011267,2022-11-08 18:30:49.667045
10044,13.499835383961909,2022-11-08 19:02:05.167134
10045,13.454914685105905,2022-11-08 19:30:57.954407
10046,13.613473408971913,2022-11-08 20:00:59.894712
10047,13.376271034998354,2022-11-08 20:31:00.74074
10048,13.565161774982698,2022-11-08 21:00:45.382338
10049,13.563295028056018,2022-11-08 21:30:42.154941
10050,13.595926690963097,2022-11-08 22:01:38.684897
10051,13.54057832097169,2022-11-08 22:30:41.209662
10052,13.553467983030714,2022-11-08 23:00:47.707186
10053,13.43986539999969,2022-11-08 23:30:43.263089
10054,13.44275343301706,2022-11-09 00:01:14.722626
10055,13.460558997001499,2022-11-09 00:31:03.032823
10056,13.709953270037659,2022-11-09 01:02:02.05172
10057,13.81060807092581,2022-11-09 01:31:06.153959
10058,13.68930053000804,2022-11-09 02:01:51.784256
10059,13.547983026015572,2022-11-09 02:30:47.07615
10060,13.635269741993397,2022-11-09 05:01:24.567438
10061,13.629119282006286,2022-11-09 05:31:00.606185
10062,13.488402183051221,2022-11-09 06:01:13.156949
10063,13.778614570968784,2022-11-09 06:30:39.119887
10064,13.34613967698533,2022-11-09 07:01:40.744119
10065,13.87571403401671,2022-11-09 07:30:47.651007
10066,13.307308313902467,2022-11-09 08:01:23.77688
10067,13.520176720921881,2022-11-09 08:30:59.947996
10068,14.430725045967847,2022-11-09 09:02:18.325275
10069,13.547374101006426,2022-11-09 09:30:56.739974
10070,13.612021195935085,2022-11-09 10:01:38.772893
10071,13.56495458399877,2022-11-09 10:30:35.462928
10072,13.615669059043285,2022-11-09 11:01:46.515056
10073,13.591322396066971,2022-11-09 11:30:55.788584
10074,13.612870894023217,2022-11-09 12:01:43.537235
10075,13.498710896004923,2022-11-09 12:30:38.372752
10076,13.658970663091168,2022-11-09 13:01:57.960723
10077,13.569184940992272,2022-11-09 13:30:51.905037
10078,13.641368433949538,2022-11-09 14:01:17.884595
10079,13.395569390035234,2022-11-09 14:30:37.337376
10080,13.262378490064293,2022-11-09 15:02:06.187617
10081,13.514466017019004,2022-11-09 15:30:45.704251
10082,13.218289721000474,2022-11-09 16:01:23.624154
10083,13.820086934996652,2022-11-09 16:31:01.869853
10084,13.431149659008952,2022-11-09 17:01:37.424259
10085,13.431415856000967,2022-11-09 17:30:47.721332
10086,13.535458129015751,2022-11-09 18:01:37.549123
10087,13.655989576946013,2022-11-09 18:30:58.403076
10088,13.22238633397501,2022-11-09 19:02:04.179018
10089,13.55923872103449,2022-11-09 19:30:37.948626
10090,13.424065515981056,2022-11-09 20:01:30.983192
10091,13.417673416988691,2022-11-09 20:30:41.613339
10092,13.555713344016112,2022-11-09 21:01:36.891952
10093,13.521721831988543,2022-11-09 21:30:50.287601
10094,13.487458957941271,2022-11-09 22:01:20.753443
10095,13.598679305054247,2022-11-09 22:30:54.537745
10096,13.302584446035326,2022-11-09 23:01:47.14712
10097,13.401562739047222,2022-11-09 23:30:48.855389
10098,13.469845128012821,2022-11-10 00:01:38.4956
10099,13.50571152404882,2022-11-10 00:31:04.2015
10100,13.44121532002464,2022-11-10 01:01:42.636302
10101,13.408052032988053,2022-11-10 01:30:42.023643
10102,13.521002823021263,2022-11-10 02:01:35.447296
10103,13.520942113013007,2022-11-10 02:30:47.905755
10104,13.600368383922614,2022-11-10 05:01:22.828441
10105,13.05233415600378,2022-11-10 05:30:50.935725
10106,12.899184559006244,2022-11-10 06:01:35.295344
10107,13.11450835200958,2022-11-10 06:31:06.928131
10108,12.957581350929104,2022-11-10 07:01:25.065742
10109,13.32260314701125,2022-11-10 07:30:36.221843
10110,13.108645325992256,2022-11-10 08:02:05.556726
10111,13.127806394011714,2022-11-10 08:30:54.856892
10112,13.040559693006799,2022-11-10 09:02:32.119425
10113,13.189903361999313,2022-11-10 09:31:29.182399
10114,12.917079969891347,2022-11-10 10:01:43.672815
10115,13.446949997000047,2022-11-10 10:31:12.997163
10116,13.144501861999743,2022-11-10 11:01:27.860301
10117,13.062229835020844,2022-11-10 11:30:58.379779
10118,13.08754229801707,2022-11-10 12:01:32.229708
10119,13.052455396973528,2022-11-10 12:31:01.271517
10120,13.048288103018422,2022-11-10 13:00:53.449594
10121,13.170099748997018,2022-11-10 13:30:45.902436
10122,12.905472943966743,2022-11-10 14:01:05.474002
10123,13.143872877000831,2022-11-10 14:30:47.851915
10124,13.082589282013942,2022-11-10 15:01:51.024498
10125,12.90507014200557,2022-11-10 15:30:43.545126
10126,13.359653747989796,2022-11-10 16:02:17.626996
10127,12.93512355396524,2022-11-10 16:31:05.424631
10128,13.29175297007896,2022-11-10 17:02:13.968971
10129,13.166473933000816,2022-11-10 17:31:06.551759
10130,12.940477230004035,2022-11-10 18:01:55.090904
10131,13.025574008002877,2022-11-10 18:30:45.665516
10132,13.577718971064314,2022-11-10 19:01:48.514092
10133,12.968629892973695,2022-11-10 19:30:45.510277
10134,13.165824827039614,2022-11-10 20:02:14.361978
10135,13.160746162058786,2022-11-10 20:31:05.602722
10136,12.989639390987577,2022-11-10 21:01:08.246462
10137,13.01017005497124,2022-11-10 21:30:49.263836
10138,12.975663182965945,2022-11-10 22:01:20.216242
10139,13.237401551974472,2022-11-10 22:31:15.805575
10140,12.986997000989504,2022-11-10 23:01:36.638008
10141,12.968522954994114,2022-11-10 23:30:39.99696
10142,13.02147828496527,2022-11-11 00:01:53.755152
10143,13.014441241990426,2022-11-11 00:30:59.183236
10144,13.37751343200216,2022-11-11 01:01:38.48033
10145,12.983833448030055,2022-11-11 01:30:38.116192
10146,13.27167316302075,2022-11-11 02:01:54.469597
10147,13.132153333979659,2022-11-11 02:30:50.254832
10148,13.201190110994503,2022-11-11 05:01:49.606625
10149,13.585037495999131,2022-11-11 05:31:10.530411
10150,13.068518618994858,2022-11-11 06:01:04.432993
10151,12.962904555999557,2022-11-11 06:30:56.194656
10152,13.078677287005121,2022-11-11 07:01:36.806669
10153,12.856668610998895,2022-11-11 07:30:36.459126
10154,13.029563581920229,2022-11-11 08:01:59.96566
10155,13.517753453925252,2022-11-11 08:31:23.668796
10156,13.16846808209084,2022-11-11 09:02:26.695657
10157,12.802283903001808,2022-11-11 09:30:55.164136
10158,13.143941116984934,2022-11-11 10:01:37.835371
10159,12.961556392954662,2022-11-11 10:30:41.650041
10160,13.456072724075057,2022-11-11 11:01:58.58966
10161,13.092048484017141,2022-11-11 11:31:05.457092
10162,13.03879382199375,2022-11-11 12:02:08.453015
10163,12.946296977985185,2022-11-11 12:31:01.272216
10164,13.160115247999784,2022-11-11 13:02:12.665932
10165,12.996574183925986,2022-11-11 13:30:57.599377
10166,12.9345855449792,2022-11-11 14:01:36.704685
10167,13.02968505199533,2022-11-11 14:31:03.920186
10168,13.040345423971303,2022-11-11 15:02:04.04432
10169,13.239857735927217,2022-11-11 15:31:04.096145
10170,13.11682643997483,2022-11-11 16:01:50.458701
10171,12.861187453992898,2022-11-11 16:30:56.985291
10172,12.9599383888999,2022-11-11 17:02:34.988404
10173,13.111259317956865,2022-11-11 17:30:59.5844
10174,12.847108870046213,2022-11-11 18:02:09.715773
10175,12.937996733933687,2022-11-11 18:30:55.096337
10176,13.343211289960891,2022-11-11 19:01:40.965928
10177,12.937813809025101,2022-11-11 19:31:00.523214
10178,13.052846317994408,2022-11-11 20:01:08.515755
10179,13.125463706965093,2022-11-11 20:30:45.316494
10180,12.839869473013096,2022-11-11 21:01:03.630809
10181,12.985811136022676,2022-11-11 21:30:47.977942
10182,13.164718434913084,2022-11-11 22:01:18.718503
10183,13.193170018028468,2022-11-11 22:31:07.015988
10184,13.297790442011319,2022-11-11 23:00:53.794916
10185,13.165969656954985,2022-11-11 23:31:02.709467
10186,13.177476679033134,2022-11-12 00:01:40.541065
10187,13.373967966996133,2022-11-12 00:31:11.151373
10188,12.780056025017984,2022-11-12 01:01:14.566606
10189,13.363056977002998,2022-11-12 01:30:48.840339
10190,13.057717646006495,2022-11-12 02:01:45.847719
10191,13.187619262025692,2022-11-12 02:30:42.155409
10192,13.568808051059023,2022-11-12 05:01:36.553368
10193,12.877777945017442,2022-11-12 05:31:01.753286
10194,12.98243714007549,2022-11-12 06:01:03.506938
10195,13.210077719995752,2022-11-12 06:30:49.93645
10196,13.25491920101922,2022-11-12 07:01:26.159642
10197,13.05437367700506,2022-11-12 07:31:03.27254
10198,13.215167889022268,2022-11-12 08:01:32.632905
10199,13.029363951005507,2022-11-12 08:31:23.793671
10200,12.960904358071275,2022-11-12 09:02:26.446956
10201,13.163425291073509,2022-11-12 09:30:57.442359
10202,13.314805535017513,2022-11-12 10:01:38.821477
10203,13.386107768979855,2022-11-12 10:30:58.939914
